ALG	Fn	DES	C	Mu
fc	GO.0000165	MAPK_cascade	2	25
fc	GO.0050808	synapse_organization	4	7
fc	GO.0050804	modulation_of_chemical_synaptic_transmis...	5	10
fc	GO.0099003	vesicle-mediated_transport_in_synapse	5	7
fc	GO.0099504	synaptic_vesicle_cycle	5	7
fc	GO.0000165	MAPK_cascade	6	35
fc	GO.0002431	Fc_receptor_mediated_stimulatory_signali...	7	4
fc	GO.0007268	chemical_synaptic_transmission	9	15
fc	GO.0007269	neurotransmitter_secretion	9	10
fc	GO.0016079	synaptic_vesicle_exocytosis	9	10
fc	GO.0016082	synaptic_vesicle_priming	9	6
fc	GO.0031629	synaptic_vesicle_fusion_to_presynaptic_a...	9	5
fc	GO.0050804	modulation_of_chemical_synaptic_transmis...	9	9
fc	GO.0099003	vesicle-mediated_transport_in_synapse	9	10
fc	GO.0099504	synaptic_vesicle_cycle	9	10
fc	GO.0099531	presynaptic_process_involved_in_chemical...	9	10
fc	GO.0099536	synaptic_signaling	9	15
fc	GO.0099537	trans-synaptic_signaling	9	15
fc	GO.0099643	signal_release_from_synapse	9	10
fc	GO.0009755	hormone-mediated_signaling_pathway	14	2
fc	GO.0010737	protein_kinase_A_signaling	15	1
fc	GO.0070528	protein_kinase_C_signaling	15	1
lourvain	GO.0046058	cAMP_metabolic_process	2	3
lourvain	GO.0000165	MAPK_cascade	4	24
lourvain	GO.0050804	modulation_of_chemical_synaptic_transmis...	4	11
lourvain	GO.0051403	stress-activated_MAPK_cascade	4	10
lourvain	GO.0055074	calcium_ion_homeostasis	4	10
lourvain	GO.0000165	MAPK_cascade	5	9
lourvain	GO.0002218	activation_of_innate_immune_response	5	4
lourvain	GO.0002224	toll-like_receptor_signaling_pathway	5	2
lourvain	GO.0002758	innate_immune_response-activating_signal...	5	4
lourvain	GO.0051403	stress-activated_MAPK_cascade	5	5
lourvain	GO.0007268	chemical_synaptic_transmission	6	23
lourvain	GO.0099536	synaptic_signaling	6	23
lourvain	GO.0099537	trans-synaptic_signaling	6	23
lourvain	GO.0042552	myelination	7	4
lourvain	GO.0043491	protein_kinase_B_signaling	7	5
lourvain	GO.0000165	MAPK_cascade	8	12
lourvain	GO.0002218	activation_of_innate_immune_response	8	9
lourvain	GO.0002757	immune_response-activating_signal_transd...	8	10
lourvain	GO.0002758	innate_immune_response-activating_signal...	8	9
lourvain	GO.0007212	dopamine_receptor_signaling_pathway	8	4
lourvain	GO.0050852	T_cell_receptor_signaling_pathway	8	9
lourvain	GO.0031929	TOR_signaling	9	2
lourvain	GO.0000165	MAPK_cascade	11	9
lourvain	GO.0002218	activation_of_innate_immune_response	11	8
lourvain	GO.0002757	immune_response-activating_signal_transd...	11	8
lourvain	GO.0002758	innate_immune_response-activating_signal...	11	8
lourvain	GO.0050852	T_cell_receptor_signaling_pathway	11	8
lourvain	GO.0086065	cell_communication_involved_in_cardiac_c...	11	2
lourvain	GO.0048488	synaptic_vesicle_endocytosis	13	7
lourvain	GO.0099003	vesicle-mediated_transport_in_synapse	13	8
lourvain	GO.0099504	synaptic_vesicle_cycle	13	7
lourvain	GO.0000165	MAPK_cascade	16	13
lourvain	GO.0007411	axon_guidance	16	8
lourvain	GO.0051591	response_to_cAMP	16	3
lourvain	GO.0001504	neurotransmitter_uptake	17	3
lourvain	GO.0007268	chemical_synaptic_transmission	17	17
lourvain	GO.0007269	neurotransmitter_secretion	17	12
lourvain	GO.0016079	synaptic_vesicle_exocytosis	17	11
lourvain	GO.0016082	synaptic_vesicle_priming	17	6
lourvain	GO.0031629	synaptic_vesicle_fusion_to_presynaptic_a...	17	5
lourvain	GO.0050804	modulation_of_chemical_synaptic_transmis...	17	10
lourvain	GO.0060078	regulation_of_postsynaptic_membrane_pote...	17	3
lourvain	GO.0098693	regulation_of_synaptic_vesicle_cycle	17	3
lourvain	GO.0098877	neurotransmitter_receptor_transport_to_p...	17	3
lourvain	GO.0099003	vesicle-mediated_transport_in_synapse	17	12
lourvain	GO.0099072	regulation_of_postsynaptic_membrane_neur...	17	3
lourvain	GO.0099504	synaptic_vesicle_cycle	17	11
lourvain	GO.0099531	presynaptic_process_involved_in_chemical...	17	12
lourvain	GO.0099536	synaptic_signaling	17	17
lourvain	GO.0099537	trans-synaptic_signaling	17	17
lourvain	GO.0099565	chemical_synaptic_transmission,_postsyna...	17	3
lourvain	GO.0099637	neurotransmitter_receptor_transport	17	3
lourvain	GO.0099643	signal_release_from_synapse	17	12
lourvain	GO.2000300	regulation_of_synaptic_vesicle_exocytosi...	17	3
lec	GO.0002218	activation_of_innate_immune_response	3	8
lec	GO.0002757	immune_response-activating_signal_transd...	3	8
lec	GO.0002758	innate_immune_response-activating_signal...	3	8
lec	GO.0050852	T_cell_receptor_signaling_pathway	3	7
lec	GO.0009755	hormone-mediated_signaling_pathway	9	1
lec	GO.0009755	hormone-mediated_signaling_pathway	13	2
lec	GO.0050807	regulation_of_synapse_organization	19	3
lec	GO.0050808	synapse_organization	19	5
lec	GO.0000165	MAPK_cascade	20	13
lec	GO.0050853	B_cell_receptor_signaling_pathway	20	3
lec	GO.0051403	stress-activated_MAPK_cascade	20	7
lec	GO.0048791	calcium_ion-regulated_exocytosis_of_neur...	21	1
lec	GO.0001504	neurotransmitter_uptake	22	2
lec	GO.0007268	chemical_synaptic_transmission	22	5
lec	GO.0007269	neurotransmitter_secretion	22	3
lec	GO.0016079	synaptic_vesicle_exocytosis	22	3
lec	GO.0016082	synaptic_vesicle_priming	22	2
lec	GO.0031629	synaptic_vesicle_fusion_to_presynaptic_a...	22	2
lec	GO.0070528	protein_kinase_C_signaling	22	1
lec	GO.0099003	vesicle-mediated_transport_in_synapse	22	3
lec	GO.0099504	synaptic_vesicle_cycle	22	3
lec	GO.0099531	presynaptic_process_involved_in_chemical...	22	3
lec	GO.0099536	synaptic_signaling	22	5
lec	GO.0099537	trans-synaptic_signaling	22	5
lec	GO.0099643	signal_release_from_synapse	22	3
lec	GO.0000165	MAPK_cascade	25	11
lec	GO.0043491	protein_kinase_B_signaling	25	4
infomap	GO.0000165	MAPK_cascade	1	10
infomap	GO.0002431	Fc_receptor_mediated_stimulatory_signali...	1	6
infomap	GO.0002757	immune_response-activating_signal_transd...	1	6
infomap	GO.0007268	chemical_synaptic_transmission	1	15
infomap	GO.0007411	axon_guidance	1	6
infomap	GO.0007416	synapse_assembly	1	4
infomap	GO.0019722	calcium-mediated_signaling	1	4
infomap	GO.0032288	myelin_assembly	1	2
infomap	GO.0035235	ionotropic_glutamate_receptor_signaling_...	1	3
infomap	GO.0042417	dopamine_metabolic_process	1	2
infomap	GO.0050804	modulation_of_chemical_synaptic_transmis...	1	9
infomap	GO.0050807	regulation_of_synapse_organization	1	3
infomap	GO.0050808	synapse_organization	1	6
infomap	GO.0051963	regulation_of_synapse_assembly	1	2
infomap	GO.0055074	calcium_ion_homeostasis	1	5
infomap	GO.0060078	regulation_of_postsynaptic_membrane_pote...	1	7
infomap	GO.0099536	synaptic_signaling	1	15
infomap	GO.0099537	trans-synaptic_signaling	1	15
infomap	GO.0099565	chemical_synaptic_transmission,_postsyna...	1	7
infomap	GO.0099601	regulation_of_neurotransmitter_receptor_...	1	3
infomap	GO.0002218	activation_of_innate_immune_response	2	5
infomap	GO.0002757	immune_response-activating_signal_transd...	2	6
infomap	GO.0002758	innate_immune_response-activating_signal...	2	5
infomap	GO.0007212	dopamine_receptor_signaling_pathway	2	4
infomap	GO.0007223	Wnt_signaling_pathway,_calcium_modulatin...	2	2
infomap	GO.0019933	cAMP-mediated_signaling	2	3
infomap	GO.0050852	T_cell_receptor_signaling_pathway	2	5
infomap	GO.0007212	dopamine_receptor_signaling_pathway	4	2
infomap	GO.0007268	chemical_synaptic_transmission	4	8
infomap	GO.0010611	regulation_of_cardiac_muscle_hypertrophy	4	3
infomap	GO.0019722	calcium-mediated_signaling	4	3
infomap	GO.0031929	TOR_signaling	4	3
infomap	GO.0046058	cAMP_metabolic_process	4	2
infomap	GO.0050808	synapse_organization	4	3
infomap	GO.0055074	calcium_ion_homeostasis	4	4
infomap	GO.0099536	synaptic_signaling	4	8
infomap	GO.0099537	trans-synaptic_signaling	4	8
infomap	GO.0099565	chemical_synaptic_transmission,_postsyna...	4	3
infomap	GO.0050807	regulation_of_synapse_organization	6	3
infomap	GO.0050808	synapse_organization	6	3
infomap	GO.0000165	MAPK_cascade	7	6
infomap	GO.0007268	chemical_synaptic_transmission	7	5
infomap	GO.0007411	axon_guidance	7	3
infomap	GO.0043491	protein_kinase_B_signaling	7	4
infomap	GO.0050804	modulation_of_chemical_synaptic_transmis...	7	4
infomap	GO.0099536	synaptic_signaling	7	5
infomap	GO.0099537	trans-synaptic_signaling	7	5
infomap	GO.0016079	synaptic_vesicle_exocytosis	8	2
infomap	GO.0048488	synaptic_vesicle_endocytosis	8	6
infomap	GO.0098693	regulation_of_synaptic_vesicle_cycle	8	2
infomap	GO.0099003	vesicle-mediated_transport_in_synapse	8	7
infomap	GO.0099504	synaptic_vesicle_cycle	8	6
infomap	GO.0050804	modulation_of_chemical_synaptic_transmis...	9	4
infomap	GO.0099003	vesicle-mediated_transport_in_synapse	9	3
infomap	GO.0099504	synaptic_vesicle_cycle	9	3
infomap	GO.0001504	neurotransmitter_uptake	10	3
infomap	GO.0007268	chemical_synaptic_transmission	10	9
infomap	GO.0007269	neurotransmitter_secretion	10	7
infomap	GO.0016079	synaptic_vesicle_exocytosis	10	7
infomap	GO.0016082	synaptic_vesicle_priming	10	5
infomap	GO.0031629	synaptic_vesicle_fusion_to_presynaptic_a...	10	5
infomap	GO.0050804	modulation_of_chemical_synaptic_transmis...	10	7
infomap	GO.0098693	regulation_of_synaptic_vesicle_cycle	10	2
infomap	GO.0098877	neurotransmitter_receptor_transport_to_p...	10	3
infomap	GO.0099003	vesicle-mediated_transport_in_synapse	10	7
infomap	GO.0099072	regulation_of_postsynaptic_membrane_neur...	10	3
infomap	GO.0099504	synaptic_vesicle_cycle	10	7
infomap	GO.0099531	presynaptic_process_involved_in_chemical...	10	7
infomap	GO.0099536	synaptic_signaling	10	9
infomap	GO.0099537	trans-synaptic_signaling	10	9
infomap	GO.0099637	neurotransmitter_receptor_transport	10	3
infomap	GO.0099643	signal_release_from_synapse	10	7
infomap	GO.2000300	regulation_of_synaptic_vesicle_exocytosi...	10	2
infomap	GO.0002218	activation_of_innate_immune_response	14	4
infomap	GO.0002224	toll-like_receptor_signaling_pathway	14	2
infomap	GO.0002757	immune_response-activating_signal_transd...	14	4
infomap	GO.0002758	innate_immune_response-activating_signal...	14	4
infomap	GO.0050852	T_cell_receptor_signaling_pathway	14	3
infomap	GO.0051403	stress-activated_MAPK_cascade	14	3
infomap	GO.0002431	Fc_receptor_mediated_stimulatory_signali...	16	2
infomap	GO.0000165	MAPK_cascade	19	8
infomap	GO.0002431	Fc_receptor_mediated_stimulatory_signali...	19	2
infomap	GO.0002757	immune_response-activating_signal_transd...	19	3
infomap	GO.0050853	B_cell_receptor_signaling_pathway	19	1
infomap	GO.0051403	stress-activated_MAPK_cascade	19	5
infomap	GO.0099054	presynapse_assembly	20	1
infomap	GO.0000165	MAPK_cascade	21	8
infomap	GO.0002218	activation_of_innate_immune_response	21	8
infomap	GO.0002757	immune_response-activating_signal_transd...	21	8
infomap	GO.0002758	innate_immune_response-activating_signal...	21	8
infomap	GO.0050852	T_cell_receptor_signaling_pathway	21	8
infomap	GO.0060074	synapse_maturation	21	1
infomap	GO.0007411	axon_guidance	22	3
infomap	GO.0050804	modulation_of_chemical_synaptic_transmis...	23	4
infomap	GO.0051591	response_to_cAMP	23	2
infomap	GO.0060563	neuroepithelial_cell_differentiation	24	1
infomap	GO.0002431	Fc_receptor_mediated_stimulatory_signali...	25	2
infomap	GO.0046058	cAMP_metabolic_process	25	2
infomap	GO.0016079	synaptic_vesicle_exocytosis	26	2
infomap	GO.0007268	chemical_synaptic_transmission	28	5
infomap	GO.0007416	synapse_assembly	28	2
infomap	GO.0050804	modulation_of_chemical_synaptic_transmis...	28	4
infomap	GO.0050808	synapse_organization	28	2
infomap	GO.0051403	stress-activated_MAPK_cascade	28	2
infomap	GO.0099536	synaptic_signaling	28	5
infomap	GO.0099537	trans-synaptic_signaling	28	5
infomap	GO.0002218	activation_of_innate_immune_response	30	2
infomap	GO.0002431	Fc_receptor_mediated_stimulatory_signali...	30	2
infomap	GO.0002757	immune_response-activating_signal_transd...	30	3
infomap	GO.0002758	innate_immune_response-activating_signal...	30	2
infomap	GO.0050852	T_cell_receptor_signaling_pathway	30	2
infomap	GO.0000165	MAPK_cascade	32	5
infomap	GO.0010737	protein_kinase_A_signaling	32	1
infomap	GO.0007411	axon_guidance	33	3
infomap	GO.0042552	myelination	34	2
infomap	GO.0050853	B_cell_receptor_signaling_pathway	35	1
infomap	GO.0008089	anterograde_axonal_transport	36	1
infomap	GO.0032288	myelin_assembly	36	1
infomap	GO.0050804	modulation_of_chemical_synaptic_transmis...	36	3
infomap	GO.0009755	hormone-mediated_signaling_pathway	41	2
infomap	GO.0010737	protein_kinase_A_signaling	42	2
infomap	GO.0055074	calcium_ion_homeostasis	42	3
infomap	GO.0060563	neuroepithelial_cell_differentiation	42	1
infomap	GO.0000165	MAPK_cascade	43	4
infomap	GO.0002218	activation_of_innate_immune_response	43	4
infomap	GO.0002757	immune_response-activating_signal_transd...	43	4
infomap	GO.0002758	innate_immune_response-activating_signal...	43	4
infomap	GO.0050852	T_cell_receptor_signaling_pathway	43	4
infomap	GO.0042552	myelination	45	2
infomap	GO.0070528	protein_kinase_C_signaling	45	1
infomap	GO.0000165	MAPK_cascade	46	3
infomap	GO.0051403	stress-activated_MAPK_cascade	46	2
infomap	GO.0099054	presynapse_assembly	47	1
infomap	GO.0007268	chemical_synaptic_transmission	48	3
infomap	GO.0007269	neurotransmitter_secretion	48	3
infomap	GO.0016079	synaptic_vesicle_exocytosis	48	3
infomap	GO.0048488	synaptic_vesicle_endocytosis	48	2
infomap	GO.0048791	calcium_ion-regulated_exocytosis_of_neur...	48	1
infomap	GO.0055074	calcium_ion_homeostasis	48	2
infomap	GO.0060563	neuroepithelial_cell_differentiation	48	1
infomap	GO.0098693	regulation_of_synaptic_vesicle_cycle	48	2
infomap	GO.0098877	neurotransmitter_receptor_transport_to_p...	48	1
infomap	GO.0099003	vesicle-mediated_transport_in_synapse	48	3
infomap	GO.0099072	regulation_of_postsynaptic_membrane_neur...	48	1
infomap	GO.0099504	synaptic_vesicle_cycle	48	3
infomap	GO.0099531	presynaptic_process_involved_in_chemical...	48	3
infomap	GO.0099536	synaptic_signaling	48	3
infomap	GO.0099537	trans-synaptic_signaling	48	3
infomap	GO.0099637	neurotransmitter_receptor_transport	48	1
infomap	GO.0099643	signal_release_from_synapse	48	3
infomap	GO.2000300	regulation_of_synaptic_vesicle_exocytosi...	48	2
infomap	GO.0002224	toll-like_receptor_signaling_pathway	50	1
infomap	GO.0019722	calcium-mediated_signaling	52	3
infomap	GO.0055074	calcium_ion_homeostasis	52	3
infomap	GO.0007411	axon_guidance	54	3
infomap	GO.0099504	synaptic_vesicle_cycle	56	2
infomap	GO.0001504	neurotransmitter_uptake	65	1
infomap	GO.0051403	stress-activated_MAPK_cascade	69	2
infomap	GO.0070528	protein_kinase_C_signaling	71	1
infomap	GO.0050808	synapse_organization	72	2
infomap	GO.0048791	calcium_ion-regulated_exocytosis_of_neur...	77	1
infomap	GO.0032288	myelin_assembly	83	1
infomap	GO.0086065	cell_communication_involved_in_cardiac_c...	83	1
infomap	GO.0019933	cAMP-mediated_signaling	86	1
infomap	GO.0051403	stress-activated_MAPK_cascade	86	2
infomap	GO.0099601	regulation_of_neurotransmitter_receptor_...	86	1
infomap	GO.0051963	regulation_of_synapse_assembly	89	1
infomap	GO.0086065	cell_communication_involved_in_cardiac_c...	93	1
infomap	GO.2000300	regulation_of_synaptic_vesicle_exocytosi...	94	1
infomap	GO.0007269	neurotransmitter_secretion	96	2
infomap	GO.0016079	synaptic_vesicle_exocytosis	96	2
infomap	GO.0031629	synaptic_vesicle_fusion_to_presynaptic_a...	96	1
infomap	GO.0048791	calcium_ion-regulated_exocytosis_of_neur...	96	1
infomap	GO.0099003	vesicle-mediated_transport_in_synapse	96	2
infomap	GO.0099504	synaptic_vesicle_cycle	96	2
infomap	GO.0099531	presynaptic_process_involved_in_chemical...	96	2
infomap	GO.0099643	signal_release_from_synapse	96	2
infomap	GO.0002224	toll-like_receptor_signaling_pathway	100	1
infomap	GO.0002757	immune_response-activating_signal_transd...	100	2
infomap	GO.0050852	T_cell_receptor_signaling_pathway	100	2
infomap	GO.0010737	protein_kinase_A_signaling	104	1
infomap	GO.0046058	cAMP_metabolic_process	104	1
infomap	GO.0070528	protein_kinase_C_signaling	104	1
infomap	GO.0007212	dopamine_receptor_signaling_pathway	105	1
infomap	GO.0007416	synapse_assembly	105	1
infomap	GO.0042417	dopamine_metabolic_process	105	1
infomap	GO.0051963	regulation_of_synapse_assembly	105	1
infomap	GO.0098877	neurotransmitter_receptor_transport_to_p...	105	1
infomap	GO.0099054	presynapse_assembly	105	1
infomap	GO.0099637	neurotransmitter_receptor_transport	105	1
infomap	GO.0002224	toll-like_receptor_signaling_pathway	109	1
infomap	GO.0007416	synapse_assembly	112	1
infomap	GO.0035235	ionotropic_glutamate_receptor_signaling_...	114	1
infomap	GO.0051591	response_to_cAMP	114	1
infomap	GO.0099601	regulation_of_neurotransmitter_receptor_...	114	1
infomap	GO.0002431	Fc_receptor_mediated_stimulatory_signali...	117	2
infomap	GO.0002757	immune_response-activating_signal_transd...	117	2
infomap	GO.0007268	chemical_synaptic_transmission	118	2
infomap	GO.0060078	regulation_of_postsynaptic_membrane_pote...	118	1
infomap	GO.0099536	synaptic_signaling	118	2
infomap	GO.0099537	trans-synaptic_signaling	118	2
infomap	GO.0099565	chemical_synaptic_transmission,_postsyna...	118	1
infomap	GO.0009755	hormone-mediated_signaling_pathway	119	2
infomap	GO.0008088	axo-dendritic_transport	120	1
infomap	GO.0008089	anterograde_axonal_transport	120	1
infomap	GO.0098930	axonal_transport	120	1
infomap	GO.0001504	neurotransmitter_uptake	123	1
infomap	GO.0008088	axo-dendritic_transport	123	1
infomap	GO.0008089	anterograde_axonal_transport	123	1
infomap	GO.0009755	hormone-mediated_signaling_pathway	123	1
infomap	GO.0042417	dopamine_metabolic_process	123	1
infomap	GO.0043491	protein_kinase_B_signaling	123	1
infomap	GO.0060563	neuroepithelial_cell_differentiation	123	1
infomap	GO.0098930	axonal_transport	123	1
infomap	GO.0031929	TOR_signaling	131	1
infomap	GO.0007212	dopamine_receptor_signaling_pathway	133	1
infomap	GO.0046058	cAMP_metabolic_process	133	1
infomap	GO.0060074	synapse_maturation	133	1
sgG1	GO.0002218	activation_of_innate_immune_response	2	8
sgG1	GO.0002757	immune_response-activating_signal_transd...	2	8
sgG1	GO.0002758	innate_immune_response-activating_signal...	2	8
sgG1	GO.0050852	T_cell_receptor_signaling_pathway	2	8
sgG1	GO.0000165	MAPK_cascade	3	12
sgG1	GO.0007411	axon_guidance	3	4
sgG1	GO.0051403	stress-activated_MAPK_cascade	3	5
sgG1	GO.0086065	cell_communication_involved_in_cardiac_c...	3	3
sgG1	GO.0002218	activation_of_innate_immune_response	5	5
sgG1	GO.0002757	immune_response-activating_signal_transd...	5	5
sgG1	GO.0002758	innate_immune_response-activating_signal...	5	5
sgG1	GO.0050852	T_cell_receptor_signaling_pathway	5	4
sgG1	GO.0070528	protein_kinase_C_signaling	5	1
sgG1	GO.0002218	activation_of_innate_immune_response	7	7
sgG1	GO.0002758	innate_immune_response-activating_signal...	7	7
sgG1	GO.0051403	stress-activated_MAPK_cascade	7	7
sgG1	GO.0007411	axon_guidance	13	6
sgG1	GO.0000165	MAPK_cascade	15	21
sgG1	GO.0009755	hormone-mediated_signaling_pathway	17	2
sgG1	GO.0007212	dopamine_receptor_signaling_pathway	19	1
sgG1	GO.0007416	synapse_assembly	19	1
sgG1	GO.0042417	dopamine_metabolic_process	19	1
sgG1	GO.0051963	regulation_of_synapse_assembly	19	1
sgG1	GO.0098877	neurotransmitter_receptor_transport_to_p...	19	1
sgG1	GO.0099054	presynapse_assembly	19	1
sgG1	GO.0099637	neurotransmitter_receptor_transport	19	1
sgG1	GO.0010737	protein_kinase_A_signaling	20	2
sgG1	GO.0060563	neuroepithelial_cell_differentiation	20	1
sgG1	GO.0002431	Fc_receptor_mediated_stimulatory_signali...	22	2
sgG1	GO.0002757	immune_response-activating_signal_transd...	22	2
sgG1	GO.0007268	chemical_synaptic_transmission	23	25
sgG1	GO.0099536	synaptic_signaling	23	25
sgG1	GO.0099537	trans-synaptic_signaling	23	25
sgG1	GO.0016079	synaptic_vesicle_exocytosis	24	3
sgG1	GO.0048488	synaptic_vesicle_endocytosis	24	6
sgG1	GO.0098693	regulation_of_synaptic_vesicle_cycle	24	3
sgG1	GO.0099003	vesicle-mediated_transport_in_synapse	24	7
sgG1	GO.0099504	synaptic_vesicle_cycle	24	6
sgG1	GO.0009755	hormone-mediated_signaling_pathway	28	2
sgG1	GO.0001504	neurotransmitter_uptake	30	3
sgG1	GO.0007268	chemical_synaptic_transmission	30	15
sgG1	GO.0007269	neurotransmitter_secretion	30	10
sgG1	GO.0016079	synaptic_vesicle_exocytosis	30	10
sgG1	GO.0016082	synaptic_vesicle_priming	30	6
sgG1	GO.0031629	synaptic_vesicle_fusion_to_presynaptic_a...	30	5
sgG1	GO.0050804	modulation_of_chemical_synaptic_transmis...	30	9
sgG1	GO.0098877	neurotransmitter_receptor_transport_to_p...	30	3
sgG1	GO.0099003	vesicle-mediated_transport_in_synapse	30	10
sgG1	GO.0099072	regulation_of_postsynaptic_membrane_neur...	30	3
sgG1	GO.0099504	synaptic_vesicle_cycle	30	10
sgG1	GO.0099531	presynaptic_process_involved_in_chemical...	30	10
sgG1	GO.0099536	synaptic_signaling	30	15
sgG1	GO.0099537	trans-synaptic_signaling	30	15
sgG1	GO.0099637	neurotransmitter_receptor_transport	30	3
sgG1	GO.0099643	signal_release_from_synapse	30	10
sgG2	GO.0009755	hormone-mediated_signaling_pathway	3	2
sgG2	GO.0019933	cAMP-mediated_signaling	3	2
sgG2	GO.0051403	stress-activated_MAPK_cascade	3	3
sgG2	GO.0051591	response_to_cAMP	3	2
sgG2	GO.0060078	regulation_of_postsynaptic_membrane_pote...	6	2
sgG2	GO.0031929	TOR_signaling	7	2
sgG2	GO.0048488	synaptic_vesicle_endocytosis	10	2
sgG2	GO.0098693	regulation_of_synaptic_vesicle_cycle	10	2
sgG2	GO.0099504	synaptic_vesicle_cycle	10	3
sgG2	GO.0050807	regulation_of_synapse_organization	11	3
sgG2	GO.0001504	neurotransmitter_uptake	13	3
sgG2	GO.0007268	chemical_synaptic_transmission	13	15
sgG2	GO.0007269	neurotransmitter_secretion	13	10
sgG2	GO.0016079	synaptic_vesicle_exocytosis	13	10
sgG2	GO.0016082	synaptic_vesicle_priming	13	6
sgG2	GO.0031629	synaptic_vesicle_fusion_to_presynaptic_a...	13	5
sgG2	GO.0050804	modulation_of_chemical_synaptic_transmis...	13	9
sgG2	GO.0098877	neurotransmitter_receptor_transport_to_p...	13	3
sgG2	GO.0099003	vesicle-mediated_transport_in_synapse	13	10
sgG2	GO.0099072	regulation_of_postsynaptic_membrane_neur...	13	3
sgG2	GO.0099504	synaptic_vesicle_cycle	13	10
sgG2	GO.0099531	presynaptic_process_involved_in_chemical...	13	10
sgG2	GO.0099536	synaptic_signaling	13	15
sgG2	GO.0099537	trans-synaptic_signaling	13	15
sgG2	GO.0099637	neurotransmitter_receptor_transport	13	3
sgG2	GO.0099643	signal_release_from_synapse	13	10
sgG2	GO.0002224	toll-like_receptor_signaling_pathway	14	2
sgG2	GO.0002758	innate_immune_response-activating_signal...	14	4
sgG2	GO.0051403	stress-activated_MAPK_cascade	14	4
sgG2	GO.0002218	activation_of_innate_immune_response	18	5
sgG2	GO.0002757	immune_response-activating_signal_transd...	18	6
sgG2	GO.0002758	innate_immune_response-activating_signal...	18	5
sgG2	GO.0007212	dopamine_receptor_signaling_pathway	18	4
sgG2	GO.0007223	Wnt_signaling_pathway,_calcium_modulatin...	18	2
sgG2	GO.0019933	cAMP-mediated_signaling	18	3
sgG2	GO.0050852	T_cell_receptor_signaling_pathway	18	5
sgG2	GO.0007411	axon_guidance	22	6
sgG2	GO.0051591	response_to_cAMP	22	2
sgG2	GO.0002224	toll-like_receptor_signaling_pathway	23	2
sgG2	GO.0008089	anterograde_axonal_transport	28	1
sgG2	GO.0098930	axonal_transport	28	1
sgG2	GO.0001504	neurotransmitter_uptake	32	1
sgG2	GO.0008088	axo-dendritic_transport	32	1
sgG2	GO.0008089	anterograde_axonal_transport	32	1
sgG2	GO.0009755	hormone-mediated_signaling_pathway	32	1
sgG2	GO.0042417	dopamine_metabolic_process	32	1
sgG2	GO.0043491	protein_kinase_B_signaling	32	1
sgG2	GO.0060563	neuroepithelial_cell_differentiation	32	1
sgG2	GO.0098930	axonal_transport	32	1
sgG2	GO.0000165	MAPK_cascade	34	15
sgG2	GO.0051403	stress-activated_MAPK_cascade	34	9
sgG2	GO.0086065	cell_communication_involved_in_cardiac_c...	34	2
sgG2	GO.0002224	toll-like_receptor_signaling_pathway	36	2
sgG2	GO.0007212	dopamine_receptor_signaling_pathway	36	2
sgG2	GO.0007268	chemical_synaptic_transmission	36	8
sgG2	GO.0010611	regulation_of_cardiac_muscle_hypertrophy	36	3
sgG2	GO.0019722	calcium-mediated_signaling	36	6
sgG2	GO.0031929	TOR_signaling	36	3
sgG2	GO.0046058	cAMP_metabolic_process	36	2
sgG2	GO.0055074	calcium_ion_homeostasis	36	7
sgG2	GO.0086065	cell_communication_involved_in_cardiac_c...	36	2
sgG2	GO.0099536	synaptic_signaling	36	8
sgG2	GO.0099537	trans-synaptic_signaling	36	8
sgG2	GO.0099565	chemical_synaptic_transmission,_postsyna...	36	3
sgG2	GO.0000165	MAPK_cascade	37	9
sgG2	GO.0007411	axon_guidance	37	4
sgG2	GO.0043491	protein_kinase_B_signaling	37	4
sgG2	GO.0051403	stress-activated_MAPK_cascade	37	4
sgG2	GO.0009755	hormone-mediated_signaling_pathway	38	1
sgG2	GO.0007269	neurotransmitter_secretion	41	3
sgG2	GO.0010737	protein_kinase_A_signaling	41	2
sgG2	GO.0016079	synaptic_vesicle_exocytosis	41	3
sgG2	GO.0048488	synaptic_vesicle_endocytosis	41	2
sgG2	GO.0048791	calcium_ion-regulated_exocytosis_of_neur...	41	1
sgG2	GO.0055074	calcium_ion_homeostasis	41	3
sgG2	GO.0060563	neuroepithelial_cell_differentiation	41	2
sgG2	GO.0098693	regulation_of_synaptic_vesicle_cycle	41	2
sgG2	GO.0099003	vesicle-mediated_transport_in_synapse	41	3
sgG2	GO.0099504	synaptic_vesicle_cycle	41	3
sgG2	GO.0099531	presynaptic_process_involved_in_chemical...	41	3
sgG2	GO.0099643	signal_release_from_synapse	41	3
sgG2	GO.2000300	regulation_of_synaptic_vesicle_exocytosi...	41	2
sgG2	GO.0042552	myelination	42	3
sgG2	GO.0000165	MAPK_cascade	43	4
sgG2	GO.0002218	activation_of_innate_immune_response	43	4
sgG2	GO.0002757	immune_response-activating_signal_transd...	43	4
sgG2	GO.0002758	innate_immune_response-activating_signal...	43	4
sgG2	GO.0050852	T_cell_receptor_signaling_pathway	43	4
sgG2	GO.0009755	hormone-mediated_signaling_pathway	44	2
sgG2	GO.0000165	MAPK_cascade	45	11
sgG2	GO.0002431	Fc_receptor_mediated_stimulatory_signali...	45	6
sgG2	GO.0007268	chemical_synaptic_transmission	45	15
sgG2	GO.0007411	axon_guidance	45	6
sgG2	GO.0007416	synapse_assembly	45	4
sgG2	GO.0019722	calcium-mediated_signaling	45	4
sgG2	GO.0032288	myelin_assembly	45	2
sgG2	GO.0035235	ionotropic_glutamate_receptor_signaling_...	45	3
sgG2	GO.0042417	dopamine_metabolic_process	45	2
sgG2	GO.0042552	myelination	45	3
sgG2	GO.0043491	protein_kinase_B_signaling	45	3
sgG2	GO.0050804	modulation_of_chemical_synaptic_transmis...	45	7
sgG2	GO.0050807	regulation_of_synapse_organization	45	3
sgG2	GO.0050808	synapse_organization	45	6
sgG2	GO.0051963	regulation_of_synapse_assembly	45	2
sgG2	GO.0055074	calcium_ion_homeostasis	45	5
sgG2	GO.0060078	regulation_of_postsynaptic_membrane_pote...	45	5
sgG2	GO.0099536	synaptic_signaling	45	15
sgG2	GO.0099537	trans-synaptic_signaling	45	15
sgG2	GO.0099565	chemical_synaptic_transmission,_postsyna...	45	5
sgG2	GO.0099601	regulation_of_neurotransmitter_receptor_...	45	2
sgG2	GO.0050808	synapse_organization	48	2
sgG2	GO.0007212	dopamine_receptor_signaling_pathway	50	1
sgG2	GO.0007416	synapse_assembly	50	1
sgG2	GO.0042417	dopamine_metabolic_process	50	1
sgG2	GO.0051963	regulation_of_synapse_assembly	50	1
sgG2	GO.0098877	neurotransmitter_receptor_transport_to_p...	50	1
sgG2	GO.0099054	presynapse_assembly	50	1
sgG2	GO.0099637	neurotransmitter_receptor_transport	50	1
sgG2	GO.0048488	synaptic_vesicle_endocytosis	51	6
sgG2	GO.0098693	regulation_of_synaptic_vesicle_cycle	51	2
sgG2	GO.0099003	vesicle-mediated_transport_in_synapse	51	7
sgG2	GO.0099504	synaptic_vesicle_cycle	51	6
sgG2	GO.0000165	MAPK_cascade	53	8
sgG2	GO.0002218	activation_of_innate_immune_response	53	8
sgG2	GO.0002757	immune_response-activating_signal_transd...	53	8
sgG2	GO.0002758	innate_immune_response-activating_signal...	53	8
sgG2	GO.0050852	T_cell_receptor_signaling_pathway	53	8
sgG5	GO.0046058	cAMP_metabolic_process	1	2
sgG5	GO.0060074	synapse_maturation	7	1
sgG5	GO.0007268	chemical_synaptic_transmission	8	5
sgG5	GO.0007269	neurotransmitter_secretion	8	3
sgG5	GO.0016079	synaptic_vesicle_exocytosis	8	3
sgG5	GO.0048488	synaptic_vesicle_endocytosis	8	2
sgG5	GO.0055074	calcium_ion_homeostasis	8	3
sgG5	GO.0098693	regulation_of_synaptic_vesicle_cycle	8	2
sgG5	GO.0099003	vesicle-mediated_transport_in_synapse	8	3
sgG5	GO.0099504	synaptic_vesicle_cycle	8	3
sgG5	GO.0099531	presynaptic_process_involved_in_chemical...	8	3
sgG5	GO.0099536	synaptic_signaling	8	5
sgG5	GO.0099537	trans-synaptic_signaling	8	5
sgG5	GO.0099643	signal_release_from_synapse	8	3
sgG5	GO.2000300	regulation_of_synaptic_vesicle_exocytosi...	8	2
sgG5	GO.0000165	MAPK_cascade	9	5
sgG5	GO.0051403	stress-activated_MAPK_cascade	9	4
sgG5	GO.0000165	MAPK_cascade	10	8
sgG5	GO.0002218	activation_of_innate_immune_response	10	8
sgG5	GO.0002757	immune_response-activating_signal_transd...	10	8
sgG5	GO.0002758	innate_immune_response-activating_signal...	10	8
sgG5	GO.0050852	T_cell_receptor_signaling_pathway	10	8
sgG5	GO.0070528	protein_kinase_C_signaling	12	1
sgG5	GO.0007268	chemical_synaptic_transmission	13	5
sgG5	GO.0042552	myelination	13	2
sgG5	GO.0050804	modulation_of_chemical_synaptic_transmis...	13	4
sgG5	GO.0099536	synaptic_signaling	13	5
sgG5	GO.0099537	trans-synaptic_signaling	13	5
sgG5	GO.0000165	MAPK_cascade	14	9
sgG5	GO.0002431	Fc_receptor_mediated_stimulatory_signali...	14	3
sgG5	GO.0007268	chemical_synaptic_transmission	14	12
sgG5	GO.0007411	axon_guidance	14	4
sgG5	GO.0007416	synapse_assembly	14	4
sgG5	GO.0019722	calcium-mediated_signaling	14	4
sgG5	GO.0035235	ionotropic_glutamate_receptor_signaling_...	14	3
sgG5	GO.0042417	dopamine_metabolic_process	14	2
sgG5	GO.0050804	modulation_of_chemical_synaptic_transmis...	14	7
sgG5	GO.0050807	regulation_of_synapse_organization	14	3
sgG5	GO.0050808	synapse_organization	14	4
sgG5	GO.0051963	regulation_of_synapse_assembly	14	2
sgG5	GO.0055074	calcium_ion_homeostasis	14	5
sgG5	GO.0060078	regulation_of_postsynaptic_membrane_pote...	14	5
sgG5	GO.0099536	synaptic_signaling	14	12
sgG5	GO.0099537	trans-synaptic_signaling	14	12
sgG5	GO.0099565	chemical_synaptic_transmission,_postsyna...	14	5
sgG5	GO.0099601	regulation_of_neurotransmitter_receptor_...	14	2
sgG5	GO.0010611	regulation_of_cardiac_muscle_hypertrophy	15	2
sgG5	GO.0010737	protein_kinase_A_signaling	20	2
sgG5	GO.0007268	chemical_synaptic_transmission	21	4
sgG5	GO.0019722	calcium-mediated_signaling	21	4
sgG5	GO.0055074	calcium_ion_homeostasis	21	5
sgG5	GO.0086065	cell_communication_involved_in_cardiac_c...	21	2
sgG5	GO.0099536	synaptic_signaling	21	4
sgG5	GO.0099537	trans-synaptic_signaling	21	4
sgG5	GO.0008088	axo-dendritic_transport	23	2
sgG5	GO.0060563	neuroepithelial_cell_differentiation	23	1
sgG5	GO.0098930	axonal_transport	23	2
sgG5	GO.0000165	MAPK_cascade	28	7
sgG5	GO.0002757	immune_response-activating_signal_transd...	28	5
sgG5	GO.0050853	B_cell_receptor_signaling_pathway	28	3
sgG5	GO.0051403	stress-activated_MAPK_cascade	28	5
sgG5	GO.0001504	neurotransmitter_uptake	29	3
sgG5	GO.0007268	chemical_synaptic_transmission	29	10
sgG5	GO.0007269	neurotransmitter_secretion	29	7
sgG5	GO.0016079	synaptic_vesicle_exocytosis	29	7
sgG5	GO.0016082	synaptic_vesicle_priming	29	5
sgG5	GO.0031629	synaptic_vesicle_fusion_to_presynaptic_a...	29	5
sgG5	GO.0050804	modulation_of_chemical_synaptic_transmis...	29	7
sgG5	GO.0098877	neurotransmitter_receptor_transport_to_p...	29	3
sgG5	GO.0099003	vesicle-mediated_transport_in_synapse	29	7
sgG5	GO.0099072	regulation_of_postsynaptic_membrane_neur...	29	3
sgG5	GO.0099504	synaptic_vesicle_cycle	29	7
sgG5	GO.0099531	presynaptic_process_involved_in_chemical...	29	7
sgG5	GO.0099536	synaptic_signaling	29	10
sgG5	GO.0099537	trans-synaptic_signaling	29	10
sgG5	GO.0099637	neurotransmitter_receptor_transport	29	3
sgG5	GO.0099643	signal_release_from_synapse	29	7
sgG5	GO.2000300	regulation_of_synaptic_vesicle_exocytosi...	29	2
sgG5	GO.0032288	myelin_assembly	32	1
sgG5	GO.0000165	MAPK_cascade	33	7
sgG5	GO.0002218	activation_of_innate_immune_response	33	4
sgG5	GO.0002224	toll-like_receptor_signaling_pathway	33	2
sgG5	GO.0002758	innate_immune_response-activating_signal...	33	4
sgG5	GO.0050852	T_cell_receptor_signaling_pathway	33	3
sgG5	GO.0051403	stress-activated_MAPK_cascade	33	4
sgG5	GO.0000165	MAPK_cascade	34	5
sgG5	GO.0007268	chemical_synaptic_transmission	34	5
sgG5	GO.0019933	cAMP-mediated_signaling	34	2
sgG5	GO.0050804	modulation_of_chemical_synaptic_transmis...	34	4
sgG5	GO.0051403	stress-activated_MAPK_cascade	34	3
sgG5	GO.0051591	response_to_cAMP	34	2
sgG5	GO.0099536	synaptic_signaling	34	5
sgG5	GO.0099537	trans-synaptic_signaling	34	5
sgG5	GO.0099504	synaptic_vesicle_cycle	36	2
sgG5	GO.2000300	regulation_of_synaptic_vesicle_exocytosi...	36	1
sgG5	GO.0060074	synapse_maturation	37	1
sgG5	GO.0099601	regulation_of_neurotransmitter_receptor_...	37	1
sgG5	GO.0002431	Fc_receptor_mediated_stimulatory_signali...	38	2
sgG5	GO.0032288	myelin_assembly	39	1
sgG5	GO.0007212	dopamine_receptor_signaling_pathway	40	4
sgG5	GO.0007223	Wnt_signaling_pathway,_calcium_modulatin...	40	2
sgG5	GO.0019933	cAMP-mediated_signaling	40	3
sgG5	GO.0046058	cAMP_metabolic_process	40	2
sgG5	GO.0002431	Fc_receptor_mediated_stimulatory_signali...	42	2
sgG5	GO.0002757	immune_response-activating_signal_transd...	42	3
sgG5	GO.0050852	T_cell_receptor_signaling_pathway	42	2
sgG5	GO.0007411	axon_guidance	43	4
sgG5	GO.0043491	protein_kinase_B_signaling	44	2
sgG5	GO.0001504	neurotransmitter_uptake	48	1
sgG5	GO.0008088	axo-dendritic_transport	48	1
sgG5	GO.0008089	anterograde_axonal_transport	48	1
sgG5	GO.0009755	hormone-mediated_signaling_pathway	48	1
sgG5	GO.0042417	dopamine_metabolic_process	48	1
sgG5	GO.0043491	protein_kinase_B_signaling	48	1
sgG5	GO.0060563	neuroepithelial_cell_differentiation	48	1
sgG5	GO.0098930	axonal_transport	48	1
sgG5	GO.0000165	MAPK_cascade	50	4
sgG5	GO.0002218	activation_of_innate_immune_response	50	4
sgG5	GO.0002757	immune_response-activating_signal_transd...	50	4
sgG5	GO.0002758	innate_immune_response-activating_signal...	50	4
sgG5	GO.0050852	T_cell_receptor_signaling_pathway	50	4
sgG5	GO.0016079	synaptic_vesicle_exocytosis	51	2
sgG5	GO.0048488	synaptic_vesicle_endocytosis	51	5
sgG5	GO.0098693	regulation_of_synaptic_vesicle_cycle	51	2
sgG5	GO.0099003	vesicle-mediated_transport_in_synapse	51	6
sgG5	GO.0099504	synaptic_vesicle_cycle	51	5
sgG5	GO.0007269	neurotransmitter_secretion	56	2
sgG5	GO.0042417	dopamine_metabolic_process	56	1
sgG5	GO.0098693	regulation_of_synaptic_vesicle_cycle	56	2
sgG5	GO.0099003	vesicle-mediated_transport_in_synapse	56	2
sgG5	GO.0099054	presynapse_assembly	56	1
sgG5	GO.0099504	synaptic_vesicle_cycle	56	2
sgG5	GO.0099531	presynaptic_process_involved_in_chemical...	56	2
sgG5	GO.0099643	signal_release_from_synapse	56	2
sgG5	GO.0009755	hormone-mediated_signaling_pathway	59	2
sgG5	GO.0007268	chemical_synaptic_transmission	61	5
sgG5	GO.0007269	neurotransmitter_secretion	61	3
sgG5	GO.0016079	synaptic_vesicle_exocytosis	61	2
sgG5	GO.0099003	vesicle-mediated_transport_in_synapse	61	3
sgG5	GO.0099531	presynaptic_process_involved_in_chemical...	61	3
sgG5	GO.0099536	synaptic_signaling	61	5
sgG5	GO.0099537	trans-synaptic_signaling	61	5
sgG5	GO.0099643	signal_release_from_synapse	61	3
sgG5	GO.0007411	axon_guidance	64	3
sgG5	GO.0007268	chemical_synaptic_transmission	66	6
sgG5	GO.0007416	synapse_assembly	66	2
sgG5	GO.0050804	modulation_of_chemical_synaptic_transmis...	66	4
sgG5	GO.0051403	stress-activated_MAPK_cascade	66	2
sgG5	GO.0099536	synaptic_signaling	66	6
sgG5	GO.0099537	trans-synaptic_signaling	66	6
sgG5	GO.0019722	calcium-mediated_signaling	68	2
sgG5	GO.0055074	calcium_ion_homeostasis	68	3
sgG5	GO.0086065	cell_communication_involved_in_cardiac_c...	68	2
sgG5	GO.0000165	MAPK_cascade	69	4
sgG5	GO.0007411	axon_guidance	69	4
sgG5	GO.0010737	protein_kinase_A_signaling	71	1
sgG5	GO.0070528	protein_kinase_C_signaling	71	1
sgG5	GO.0050808	synapse_organization	73	2
sgG5	GO.0000165	MAPK_cascade	74	3
sgG5	GO.0002218	activation_of_innate_immune_response	74	3
sgG5	GO.0002757	immune_response-activating_signal_transd...	74	3
sgG5	GO.0002758	innate_immune_response-activating_signal...	74	3
sgG5	GO.0050852	T_cell_receptor_signaling_pathway	74	3
sgG5	GO.0016079	synaptic_vesicle_exocytosis	76	2
sgG5	GO.0048791	calcium_ion-regulated_exocytosis_of_neur...	76	1
sgG5	GO.0009755	hormone-mediated_signaling_pathway	77	2
sgG5	GO.0031929	TOR_signaling	77	2
sgG5	GO.0043491	protein_kinase_B_signaling	77	2
sgG5	GO.0042552	myelination	78	2
sgG5	GO.0000165	MAPK_cascade	80	6
sgG5	GO.0007411	axon_guidance	80	3
sgG5	GO.0043491	protein_kinase_B_signaling	80	3
sgG5	GO.0051403	stress-activated_MAPK_cascade	80	3
sgG5	GO.0000165	MAPK_cascade	86	5
sgG5	GO.0050807	regulation_of_synapse_organization	86	2
sgG5	GO.0086065	cell_communication_involved_in_cardiac_c...	86	2
sgG5	GO.0007212	dopamine_receptor_signaling_pathway	91	1
sgG5	GO.0007416	synapse_assembly	91	1
sgG5	GO.0042417	dopamine_metabolic_process	91	1
sgG5	GO.0051963	regulation_of_synapse_assembly	91	1
sgG5	GO.0098877	neurotransmitter_receptor_transport_to_p...	91	1
sgG5	GO.0099054	presynapse_assembly	91	1
sgG5	GO.0099637	neurotransmitter_receptor_transport	91	1
wt	GO.0000165	MAPK_cascade	4	7
wt	GO.0007411	axon_guidance	4	4
wt	GO.0019933	cAMP-mediated_signaling	4	2
wt	GO.0050804	modulation_of_chemical_synaptic_transmis...	4	5
wt	GO.0051403	stress-activated_MAPK_cascade	4	3
wt	GO.0051591	response_to_cAMP	4	2
wt	GO.2000300	regulation_of_synaptic_vesicle_exocytosi...	4	2
wt	GO.0000165	MAPK_cascade	6	17
wt	GO.0007268	chemical_synaptic_transmission	6	17
wt	GO.0007411	axon_guidance	6	13
wt	GO.0050808	synapse_organization	6	9
wt	GO.0099536	synaptic_signaling	6	17
wt	GO.0099537	trans-synaptic_signaling	6	17
wt	GO.0007269	neurotransmitter_secretion	7	4
wt	GO.0016079	synaptic_vesicle_exocytosis	7	4
wt	GO.0050804	modulation_of_chemical_synaptic_transmis...	7	5
wt	GO.0099003	vesicle-mediated_transport_in_synapse	7	5
wt	GO.0099504	synaptic_vesicle_cycle	7	5
wt	GO.0099531	presynaptic_process_involved_in_chemical...	7	4
wt	GO.0099643	signal_release_from_synapse	7	4
wt	GO.2000300	regulation_of_synaptic_vesicle_exocytosi...	7	2
wt	GO.0001504	neurotransmitter_uptake	8	2
wt	GO.0007268	chemical_synaptic_transmission	8	7
wt	GO.0007269	neurotransmitter_secretion	8	7
wt	GO.0016079	synaptic_vesicle_exocytosis	8	7
wt	GO.0016082	synaptic_vesicle_priming	8	5
wt	GO.0031629	synaptic_vesicle_fusion_to_presynaptic_a...	8	5
wt	GO.0048791	calcium_ion-regulated_exocytosis_of_neur...	8	1
wt	GO.0050804	modulation_of_chemical_synaptic_transmis...	8	5
wt	GO.0060078	regulation_of_postsynaptic_membrane_pote...	8	2
wt	GO.0098693	regulation_of_synaptic_vesicle_cycle	8	2
wt	GO.0098877	neurotransmitter_receptor_transport_to_p...	8	3
wt	GO.0099003	vesicle-mediated_transport_in_synapse	8	7
wt	GO.0099072	regulation_of_postsynaptic_membrane_neur...	8	3
wt	GO.0099504	synaptic_vesicle_cycle	8	7
wt	GO.0099531	presynaptic_process_involved_in_chemical...	8	7
wt	GO.0099536	synaptic_signaling	8	7
wt	GO.0099537	trans-synaptic_signaling	8	7
wt	GO.0099565	chemical_synaptic_transmission,_postsyna...	8	2
wt	GO.0099637	neurotransmitter_receptor_transport	8	3
wt	GO.0099643	signal_release_from_synapse	8	7
wt	GO.2000300	regulation_of_synaptic_vesicle_exocytosi...	8	2
wt	GO.0031929	TOR_signaling	9	2
wt	GO.0046058	cAMP_metabolic_process	9	2
wt	GO.0010737	protein_kinase_A_signaling	11	2
wt	GO.0019933	cAMP-mediated_signaling	11	1
wt	GO.0060563	neuroepithelial_cell_differentiation	11	1
wt	GO.0000165	MAPK_cascade	13	32
wt	GO.0007268	chemical_synaptic_transmission	13	32
wt	GO.0099536	synaptic_signaling	13	32
wt	GO.0099537	trans-synaptic_signaling	13	32
wt	GO.0002218	activation_of_innate_immune_response	14	7
wt	GO.0002224	toll-like_receptor_signaling_pathway	14	3
wt	GO.0002757	immune_response-activating_signal_transd...	14	8
wt	GO.0002758	innate_immune_response-activating_signal...	14	7
wt	GO.0050852	T_cell_receptor_signaling_pathway	14	5
wt	GO.0051403	stress-activated_MAPK_cascade	14	4
wt	GO.0001504	neurotransmitter_uptake	16	1
wt	GO.0008088	axo-dendritic_transport	16	1
wt	GO.0008089	anterograde_axonal_transport	16	1
wt	GO.0009755	hormone-mediated_signaling_pathway	16	1
wt	GO.0042417	dopamine_metabolic_process	16	1
wt	GO.0043491	protein_kinase_B_signaling	16	1
wt	GO.0060563	neuroepithelial_cell_differentiation	16	1
wt	GO.0098930	axonal_transport	16	1
wt	GO.0009755	hormone-mediated_signaling_pathway	17	2
wt	GO.0031929	TOR_signaling	18	1
wt	GO.0000165	MAPK_cascade	19	8
wt	GO.0002218	activation_of_innate_immune_response	19	5
wt	GO.0002757	immune_response-activating_signal_transd...	19	6
wt	GO.0002758	innate_immune_response-activating_signal...	19	5
wt	GO.0007212	dopamine_receptor_signaling_pathway	19	5
wt	GO.0007223	Wnt_signaling_pathway,_calcium_modulatin...	19	2
wt	GO.0019933	cAMP-mediated_signaling	19	4
wt	GO.0050852	T_cell_receptor_signaling_pathway	19	5
wt	GO.0086065	cell_communication_involved_in_cardiac_c...	20	1
wt	GO.0050804	modulation_of_chemical_synaptic_transmis...	21	4
wt	GO.0055074	calcium_ion_homeostasis	21	3
wt	GO.0002218	activation_of_innate_immune_response	22	6
wt	GO.0002758	innate_immune_response-activating_signal...	22	6
wt	GO.0048488	synaptic_vesicle_endocytosis	22	5
wt	GO.0050852	T_cell_receptor_signaling_pathway	22	5
wt	GO.0099003	vesicle-mediated_transport_in_synapse	22	8
wt	GO.0099504	synaptic_vesicle_cycle	22	7
wt	GO.0002218	activation_of_innate_immune_response	23	2
wt	GO.0002758	innate_immune_response-activating_signal...	23	2
wt	GO.0050852	T_cell_receptor_signaling_pathway	23	2
wt	GO.0048488	synaptic_vesicle_endocytosis	30	1
wt	GO.0002224	toll-like_receptor_signaling_pathway	38	1
wt	GO.0046058	cAMP_metabolic_process	39	1
wt	GO.0051591	response_to_cAMP	39	1
wt	GO.0008088	axo-dendritic_transport	40	1
wt	GO.0008089	anterograde_axonal_transport	40	1
wt	GO.0009755	hormone-mediated_signaling_pathway	40	1
wt	GO.0032288	myelin_assembly	40	1
wt	GO.0098930	axonal_transport	40	1
wt	GO.0007212	dopamine_receptor_signaling_pathway	45	1
wt	GO.0007416	synapse_assembly	45	1
wt	GO.0042417	dopamine_metabolic_process	45	1
wt	GO.0051963	regulation_of_synapse_assembly	45	1
wt	GO.0098877	neurotransmitter_receptor_transport_to_p...	45	1
wt	GO.0099054	presynapse_assembly	45	1
wt	GO.0099637	neurotransmitter_receptor_transport	45	1
wt	GO.0007268	chemical_synaptic_transmission	47	5
wt	GO.0035235	ionotropic_glutamate_receptor_signaling_...	47	1
wt	GO.0099536	synaptic_signaling	47	5
wt	GO.0099537	trans-synaptic_signaling	47	5
wt	GO.0042417	dopamine_metabolic_process	48	1
wt	GO.0031929	TOR_signaling	51	1
wt	GO.0007268	chemical_synaptic_transmission	52	2
wt	GO.0060078	regulation_of_postsynaptic_membrane_pote...	52	1
wt	GO.0099536	synaptic_signaling	52	2
wt	GO.0099537	trans-synaptic_signaling	52	2
wt	GO.0099565	chemical_synaptic_transmission,_postsyna...	52	1
wt	GO.0001504	neurotransmitter_uptake	54	1
wt	GO.0002224	toll-like_receptor_signaling_pathway	55	1
wt	GO.0009755	hormone-mediated_signaling_pathway	57	1
wt	GO.0051591	response_to_cAMP	57	1
wt	GO.0042552	myelination	59	1
wt	GO.0007416	synapse_assembly	61	1
wt	GO.0050807	regulation_of_synapse_organization	61	1
wt	GO.0051963	regulation_of_synapse_assembly	61	1
wt	GO.0031929	TOR_signaling	65	1
wt	GO.0035235	ionotropic_glutamate_receptor_signaling_...	66	1
wt	GO.0051591	response_to_cAMP	66	1
wt	GO.0099601	regulation_of_neurotransmitter_receptor_...	66	1
wt	GO.0000165	MAPK_cascade	68	2
wt	GO.0051403	stress-activated_MAPK_cascade	68	2
wt	GO.0051591	response_to_cAMP	68	1
wt	GO.0007212	dopamine_receptor_signaling_pathway	69	1
wt	GO.0046058	cAMP_metabolic_process	69	1
wt	GO.0060074	synapse_maturation	69	1
wt	GO.0042552	myelination	70	2
wt	GO.0019722	calcium-mediated_signaling	74	1
wt	GO.0051591	response_to_cAMP	74	1
wt	GO.0009755	hormone-mediated_signaling_pathway	76	1
wt	GO.0016079	synaptic_vesicle_exocytosis	79	1
wt	GO.0019722	calcium-mediated_signaling	79	1
wt	GO.0048791	calcium_ion-regulated_exocytosis_of_neur...	79	1
wt	GO.0098693	regulation_of_synaptic_vesicle_cycle	79	1
wt	GO.2000300	regulation_of_synaptic_vesicle_exocytosi...	79	1
wt	GO.0001504	neurotransmitter_uptake	84	1
wt	GO.0086065	cell_communication_involved_in_cardiac_c...	95	1
wt	GO.0099504	synaptic_vesicle_cycle	98	2
wt	GO.2000300	regulation_of_synaptic_vesicle_exocytosi...	98	1
wt	GO.0002224	toll-like_receptor_signaling_pathway	101	1
wt	GO.0070528	protein_kinase_C_signaling	101	1
wt	GO.0019722	calcium-mediated_signaling	115	1
wt	GO.0046058	cAMP_metabolic_process	117	1
wt	GO.0002431	Fc_receptor_mediated_stimulatory_signali...	125	1
wt	GO.0009755	hormone-mediated_signaling_pathway	129	1
wt	GO.0000165	MAPK_cascade	133	4
wt	GO.0002218	activation_of_innate_immune_response	133	4
wt	GO.0002757	immune_response-activating_signal_transd...	133	4
wt	GO.0002758	innate_immune_response-activating_signal...	133	4
wt	GO.0050852	T_cell_receptor_signaling_pathway	133	4
wt	GO.0086065	cell_communication_involved_in_cardiac_c...	134	1
wt	GO.0010611	regulation_of_cardiac_muscle_hypertrophy	135	1
wt	GO.0046058	cAMP_metabolic_process	137	1
wt	GO.0007411	axon_guidance	138	2
wt	GO.0008088	axo-dendritic_transport	139	1
wt	GO.0008089	anterograde_axonal_transport	139	1
wt	GO.0098930	axonal_transport	139	1
fc_2	GO.0050808	synapse_organization	1	7
fc_2	GO.0050804	modulation_of_chemical_synaptic_transmis...	2	10
fc_2	GO.0099003	vesicle-mediated_transport_in_synapse	2	7
fc_2	GO.0099504	synaptic_vesicle_cycle	2	7
fc_2	GO.0002431	Fc_receptor_mediated_stimulatory_signali...	3	4
fc_2	GO.0007268	chemical_synaptic_transmission	5	15
fc_2	GO.0007269	neurotransmitter_secretion	5	10
fc_2	GO.0016079	synaptic_vesicle_exocytosis	5	10
fc_2	GO.0016082	synaptic_vesicle_priming	5	6
fc_2	GO.0031629	synaptic_vesicle_fusion_to_presynaptic_a...	5	5
fc_2	GO.0050804	modulation_of_chemical_synaptic_transmis...	5	9
fc_2	GO.0099003	vesicle-mediated_transport_in_synapse	5	10
fc_2	GO.0099504	synaptic_vesicle_cycle	5	10
fc_2	GO.0099531	presynaptic_process_involved_in_chemical...	5	10
fc_2	GO.0099536	synaptic_signaling	5	15
fc_2	GO.0099537	trans-synaptic_signaling	5	15
fc_2	GO.0099643	signal_release_from_synapse	5	10
fc_2	GO.0009755	hormone-mediated_signaling_pathway	10	2
fc_2	GO.0010737	protein_kinase_A_signaling	11	1
fc_2	GO.0070528	protein_kinase_C_signaling	11	1
fc_2	GO.0031929	TOR_signaling	13	2
fc_2	GO.0050804	modulation_of_chemical_synaptic_transmis...	13	6
fc_2	GO.0007268	chemical_synaptic_transmission	14	4
fc_2	GO.0007269	neurotransmitter_secretion	14	4
fc_2	GO.0016079	synaptic_vesicle_exocytosis	14	3
fc_2	GO.0048488	synaptic_vesicle_endocytosis	14	2
fc_2	GO.0048791	calcium_ion-regulated_exocytosis_of_neur...	14	1
fc_2	GO.0050804	modulation_of_chemical_synaptic_transmis...	14	3
fc_2	GO.0060563	neuroepithelial_cell_differentiation	14	1
fc_2	GO.0098693	regulation_of_synaptic_vesicle_cycle	14	2
fc_2	GO.0099003	vesicle-mediated_transport_in_synapse	14	3
fc_2	GO.0099504	synaptic_vesicle_cycle	14	3
fc_2	GO.0099531	presynaptic_process_involved_in_chemical...	14	4
fc_2	GO.0099536	synaptic_signaling	14	4
fc_2	GO.0099537	trans-synaptic_signaling	14	4
fc_2	GO.0099643	signal_release_from_synapse	14	4
fc_2	GO.2000300	regulation_of_synaptic_vesicle_exocytosi...	14	2
fc_2	GO.0002224	toll-like_receptor_signaling_pathway	15	2
fc_2	GO.0007212	dopamine_receptor_signaling_pathway	15	2
fc_2	GO.0007268	chemical_synaptic_transmission	15	8
fc_2	GO.0010611	regulation_of_cardiac_muscle_hypertrophy	15	3
fc_2	GO.0019722	calcium-mediated_signaling	15	6
fc_2	GO.0031929	TOR_signaling	15	3
fc_2	GO.0042552	myelination	15	3
fc_2	GO.0046058	cAMP_metabolic_process	15	2
fc_2	GO.0055074	calcium_ion_homeostasis	15	7
fc_2	GO.0086065	cell_communication_involved_in_cardiac_c...	15	2
fc_2	GO.0099536	synaptic_signaling	15	8
fc_2	GO.0099537	trans-synaptic_signaling	15	8
fc_2	GO.0099565	chemical_synaptic_transmission,_postsyna...	15	3
fc_2	GO.0051403	stress-activated_MAPK_cascade	18	2
fc_2	GO.0050853	B_cell_receptor_signaling_pathway	19	1
fc_2	GO.0000165	MAPK_cascade	20	8
fc_2	GO.0002431	Fc_receptor_mediated_stimulatory_signali...	20	2
fc_2	GO.0002757	immune_response-activating_signal_transd...	20	3
fc_2	GO.0050853	B_cell_receptor_signaling_pathway	20	1
fc_2	GO.0051403	stress-activated_MAPK_cascade	20	5
fc_2	GO.0000165	MAPK_cascade	22	3
fc_2	GO.0051403	stress-activated_MAPK_cascade	22	2
fc_2	GO.0001504	neurotransmitter_uptake	24	2
fc_2	GO.0007268	chemical_synaptic_transmission	24	12
fc_2	GO.0007269	neurotransmitter_secretion	24	4
fc_2	GO.0008088	axo-dendritic_transport	24	2
fc_2	GO.0042417	dopamine_metabolic_process	24	2
fc_2	GO.0042552	myelination	24	3
fc_2	GO.0043491	protein_kinase_B_signaling	24	5
fc_2	GO.0050804	modulation_of_chemical_synaptic_transmis...	24	7
fc_2	GO.0050808	synapse_organization	24	4
fc_2	GO.0051963	regulation_of_synapse_assembly	24	2
fc_2	GO.0098930	axonal_transport	24	2
fc_2	GO.0099531	presynaptic_process_involved_in_chemical...	24	5
fc_2	GO.0099536	synaptic_signaling	24	12
fc_2	GO.0099537	trans-synaptic_signaling	24	12
fc_2	GO.0099643	signal_release_from_synapse	24	4
fc_2	GO.0002431	Fc_receptor_mediated_stimulatory_signali...	25	3
fc_2	GO.0007212	dopamine_receptor_signaling_pathway	25	5
fc_2	GO.0007223	Wnt_signaling_pathway,_calcium_modulatin...	25	2
fc_2	GO.0019933	cAMP-mediated_signaling	25	4
fc_2	GO.0000165	MAPK_cascade	26	7
fc_2	GO.0002218	activation_of_innate_immune_response	26	5
fc_2	GO.0002757	immune_response-activating_signal_transd...	26	5
fc_2	GO.0002758	innate_immune_response-activating_signal...	26	5
fc_2	GO.0050852	T_cell_receptor_signaling_pathway	26	5
fc_2	GO.0000165	MAPK_cascade	27	7
fc_2	GO.0002218	activation_of_innate_immune_response	27	4
fc_2	GO.0002224	toll-like_receptor_signaling_pathway	27	2
fc_2	GO.0002758	innate_immune_response-activating_signal...	27	4
fc_2	GO.0051403	stress-activated_MAPK_cascade	27	4
fc_2	GO.0002218	activation_of_innate_immune_response	29	2
fc_2	GO.0002757	immune_response-activating_signal_transd...	29	2
fc_2	GO.0002758	innate_immune_response-activating_signal...	29	2
fc_2	GO.0050852	T_cell_receptor_signaling_pathway	29	2
fc_2	GO.0002431	Fc_receptor_mediated_stimulatory_signali...	32	2
fc_2	GO.0002757	immune_response-activating_signal_transd...	32	2
fc_2	GO.0099054	presynapse_assembly	36	1
fc_2	GO.0007411	axon_guidance	39	3
fc_2	GO.0032288	myelin_assembly	40	1
fc_2	GO.0001504	neurotransmitter_uptake	42	2
fc_2	GO.0007411	axon_guidance	42	3
fc_2	GO.0050804	modulation_of_chemical_synaptic_transmis...	42	4
fc_2	GO.0060078	regulation_of_postsynaptic_membrane_pote...	42	2
fc_2	GO.0099565	chemical_synaptic_transmission,_postsyna...	42	2
fc_2	GO.0048488	synaptic_vesicle_endocytosis	43	2
fc_2	GO.0000165	MAPK_cascade	45	7
fc_2	GO.0000165	MAPK_cascade	46	8
fc_2	GO.0002218	activation_of_innate_immune_response	46	8
fc_2	GO.0002757	immune_response-activating_signal_transd...	46	8
fc_2	GO.0002758	innate_immune_response-activating_signal...	46	8
fc_2	GO.0050852	T_cell_receptor_signaling_pathway	46	8
fc_2	GO.0000165	MAPK_cascade	47	11
fc_2	GO.0002431	Fc_receptor_mediated_stimulatory_signali...	47	5
fc_2	GO.0007268	chemical_synaptic_transmission	47	15
fc_2	GO.0007411	axon_guidance	47	6
fc_2	GO.0007416	synapse_assembly	47	4
fc_2	GO.0019722	calcium-mediated_signaling	47	4
fc_2	GO.0032288	myelin_assembly	47	3
fc_2	GO.0035235	ionotropic_glutamate_receptor_signaling_...	47	3
fc_2	GO.0042417	dopamine_metabolic_process	47	2
fc_2	GO.0042552	myelination	47	4
fc_2	GO.0043491	protein_kinase_B_signaling	47	3
fc_2	GO.0050804	modulation_of_chemical_synaptic_transmis...	47	7
fc_2	GO.0050807	regulation_of_synapse_organization	47	3
fc_2	GO.0050808	synapse_organization	47	6
fc_2	GO.0051963	regulation_of_synapse_assembly	47	2
fc_2	GO.0055074	calcium_ion_homeostasis	47	5
fc_2	GO.0060078	regulation_of_postsynaptic_membrane_pote...	47	5
fc_2	GO.0099536	synaptic_signaling	47	15
fc_2	GO.0099537	trans-synaptic_signaling	47	15
fc_2	GO.0099565	chemical_synaptic_transmission,_postsyna...	47	5
fc_2	GO.0099601	regulation_of_neurotransmitter_receptor_...	47	2
fc_2	GO.0000165	MAPK_cascade	49	3
fc_2	GO.0002757	immune_response-activating_signal_transd...	49	2
fc_2	GO.0050853	B_cell_receptor_signaling_pathway	49	1
lourvain_2	GO.0046058	cAMP_metabolic_process	2	3
lourvain_2	GO.0000165	MAPK_cascade	4	24
lourvain_2	GO.0050804	modulation_of_chemical_synaptic_transmis...	4	11
lourvain_2	GO.0051403	stress-activated_MAPK_cascade	4	10
lourvain_2	GO.0055074	calcium_ion_homeostasis	4	10
lourvain_2	GO.0000165	MAPK_cascade	5	9
lourvain_2	GO.0002218	activation_of_innate_immune_response	5	4
lourvain_2	GO.0002224	toll-like_receptor_signaling_pathway	5	2
lourvain_2	GO.0002758	innate_immune_response-activating_signal...	5	4
lourvain_2	GO.0051403	stress-activated_MAPK_cascade	5	5
lourvain_2	GO.0042552	myelination	6	4
lourvain_2	GO.0043491	protein_kinase_B_signaling	6	5
lourvain_2	GO.0000165	MAPK_cascade	7	12
lourvain_2	GO.0002218	activation_of_innate_immune_response	7	9
lourvain_2	GO.0002757	immune_response-activating_signal_transd...	7	10
lourvain_2	GO.0002758	innate_immune_response-activating_signal...	7	9
lourvain_2	GO.0007212	dopamine_receptor_signaling_pathway	7	4
lourvain_2	GO.0050852	T_cell_receptor_signaling_pathway	7	9
lourvain_2	GO.0031929	TOR_signaling	8	2
lourvain_2	GO.0000165	MAPK_cascade	10	9
lourvain_2	GO.0002218	activation_of_innate_immune_response	10	8
lourvain_2	GO.0002757	immune_response-activating_signal_transd...	10	8
lourvain_2	GO.0002758	innate_immune_response-activating_signal...	10	8
lourvain_2	GO.0050852	T_cell_receptor_signaling_pathway	10	8
lourvain_2	GO.0086065	cell_communication_involved_in_cardiac_c...	10	2
lourvain_2	GO.0048488	synaptic_vesicle_endocytosis	12	7
lourvain_2	GO.0099003	vesicle-mediated_transport_in_synapse	12	8
lourvain_2	GO.0099504	synaptic_vesicle_cycle	12	7
lourvain_2	GO.0000165	MAPK_cascade	15	13
lourvain_2	GO.0007411	axon_guidance	15	8
lourvain_2	GO.0051591	response_to_cAMP	15	3
lourvain_2	GO.0001504	neurotransmitter_uptake	16	3
lourvain_2	GO.0007268	chemical_synaptic_transmission	16	17
lourvain_2	GO.0007269	neurotransmitter_secretion	16	12
lourvain_2	GO.0016079	synaptic_vesicle_exocytosis	16	11
lourvain_2	GO.0016082	synaptic_vesicle_priming	16	6
lourvain_2	GO.0031629	synaptic_vesicle_fusion_to_presynaptic_a...	16	5
lourvain_2	GO.0050804	modulation_of_chemical_synaptic_transmis...	16	10
lourvain_2	GO.0060078	regulation_of_postsynaptic_membrane_pote...	16	3
lourvain_2	GO.0098693	regulation_of_synaptic_vesicle_cycle	16	3
lourvain_2	GO.0098877	neurotransmitter_receptor_transport_to_p...	16	3
lourvain_2	GO.0099003	vesicle-mediated_transport_in_synapse	16	12
lourvain_2	GO.0099072	regulation_of_postsynaptic_membrane_neur...	16	3
lourvain_2	GO.0099504	synaptic_vesicle_cycle	16	11
lourvain_2	GO.0099531	presynaptic_process_involved_in_chemical...	16	12
lourvain_2	GO.0099536	synaptic_signaling	16	17
lourvain_2	GO.0099537	trans-synaptic_signaling	16	17
lourvain_2	GO.0099565	chemical_synaptic_transmission,_postsyna...	16	3
lourvain_2	GO.0099637	neurotransmitter_receptor_transport	16	3
lourvain_2	GO.0099643	signal_release_from_synapse	16	12
lourvain_2	GO.2000300	regulation_of_synaptic_vesicle_exocytosi...	16	3
lourvain_2	GO.0000165	MAPK_cascade	19	4
lourvain_2	GO.0002431	Fc_receptor_mediated_stimulatory_signali...	19	2
lourvain_2	GO.0002757	immune_response-activating_signal_transd...	19	3
lourvain_2	GO.0007411	axon_guidance	19	2
lourvain_2	GO.0043491	protein_kinase_B_signaling	19	2
lourvain_2	GO.0050853	B_cell_receptor_signaling_pathway	19	1
lourvain_2	GO.0000165	MAPK_cascade	20	6
lourvain_2	GO.0002431	Fc_receptor_mediated_stimulatory_signali...	20	5
lourvain_2	GO.0002757	immune_response-activating_signal_transd...	20	5
lourvain_2	GO.0007411	axon_guidance	20	4
lourvain_2	GO.0007416	synapse_assembly	20	2
lourvain_2	GO.0050807	regulation_of_synapse_organization	20	2
lourvain_2	GO.0051963	regulation_of_synapse_assembly	20	2
lourvain_2	GO.0007268	chemical_synaptic_transmission	21	11
lourvain_2	GO.0007416	synapse_assembly	21	2
lourvain_2	GO.0035235	ionotropic_glutamate_receptor_signaling_...	21	2
lourvain_2	GO.0050804	modulation_of_chemical_synaptic_transmis...	21	5
lourvain_2	GO.0050808	synapse_organization	21	4
lourvain_2	GO.0060078	regulation_of_postsynaptic_membrane_pote...	21	4
lourvain_2	GO.0099536	synaptic_signaling	21	11
lourvain_2	GO.0099537	trans-synaptic_signaling	21	11
lourvain_2	GO.0099565	chemical_synaptic_transmission,_postsyna...	21	4
lourvain_2	GO.0099601	regulation_of_neurotransmitter_receptor_...	21	2
lourvain_2	GO.0007269	neurotransmitter_secretion	24	2
lourvain_2	GO.0016079	synaptic_vesicle_exocytosis	24	2
lourvain_2	GO.0048791	calcium_ion-regulated_exocytosis_of_neur...	24	1
lourvain_2	GO.0055074	calcium_ion_homeostasis	24	3
lourvain_2	GO.0060563	neuroepithelial_cell_differentiation	24	1
lourvain_2	GO.0099003	vesicle-mediated_transport_in_synapse	24	2
lourvain_2	GO.0099504	synaptic_vesicle_cycle	24	2
lourvain_2	GO.0099531	presynaptic_process_involved_in_chemical...	24	2
lourvain_2	GO.0099643	signal_release_from_synapse	24	2
lourvain_2	GO.0019722	calcium-mediated_signaling	25	5
lourvain_2	GO.0055074	calcium_ion_homeostasis	25	4
lourvain_2	GO.0086065	cell_communication_involved_in_cardiac_c...	25	2
sgG1_2	GO.0002218	activation_of_innate_immune_response	2	8
sgG1_2	GO.0002757	immune_response-activating_signal_transd...	2	8
sgG1_2	GO.0002758	innate_immune_response-activating_signal...	2	8
sgG1_2	GO.0050852	T_cell_receptor_signaling_pathway	2	8
sgG1_2	GO.0000165	MAPK_cascade	3	12
sgG1_2	GO.0007411	axon_guidance	3	4
sgG1_2	GO.0051403	stress-activated_MAPK_cascade	3	5
sgG1_2	GO.0086065	cell_communication_involved_in_cardiac_c...	3	3
sgG1_2	GO.0002218	activation_of_innate_immune_response	5	5
sgG1_2	GO.0002757	immune_response-activating_signal_transd...	5	5
sgG1_2	GO.0002758	innate_immune_response-activating_signal...	5	5
sgG1_2	GO.0050852	T_cell_receptor_signaling_pathway	5	4
sgG1_2	GO.0070528	protein_kinase_C_signaling	5	1
sgG1_2	GO.0002218	activation_of_innate_immune_response	7	7
sgG1_2	GO.0002758	innate_immune_response-activating_signal...	7	7
sgG1_2	GO.0051403	stress-activated_MAPK_cascade	7	7
sgG1_2	GO.0007411	axon_guidance	13	6
sgG1_2	GO.0009755	hormone-mediated_signaling_pathway	16	2
sgG1_2	GO.0007212	dopamine_receptor_signaling_pathway	18	1
sgG1_2	GO.0007416	synapse_assembly	18	1
sgG1_2	GO.0042417	dopamine_metabolic_process	18	1
sgG1_2	GO.0051963	regulation_of_synapse_assembly	18	1
sgG1_2	GO.0098877	neurotransmitter_receptor_transport_to_p...	18	1
sgG1_2	GO.0099054	presynapse_assembly	18	1
sgG1_2	GO.0099637	neurotransmitter_receptor_transport	18	1
sgG1_2	GO.0010737	protein_kinase_A_signaling	19	2
sgG1_2	GO.0060563	neuroepithelial_cell_differentiation	19	1
sgG1_2	GO.0002431	Fc_receptor_mediated_stimulatory_signali...	21	2
sgG1_2	GO.0002757	immune_response-activating_signal_transd...	21	2
sgG1_2	GO.0016079	synaptic_vesicle_exocytosis	22	3
sgG1_2	GO.0048488	synaptic_vesicle_endocytosis	22	6
sgG1_2	GO.0098693	regulation_of_synaptic_vesicle_cycle	22	3
sgG1_2	GO.0099003	vesicle-mediated_transport_in_synapse	22	7
sgG1_2	GO.0099504	synaptic_vesicle_cycle	22	6
sgG1_2	GO.0009755	hormone-mediated_signaling_pathway	26	2
sgG1_2	GO.0001504	neurotransmitter_uptake	28	3
sgG1_2	GO.0007268	chemical_synaptic_transmission	28	15
sgG1_2	GO.0007269	neurotransmitter_secretion	28	10
sgG1_2	GO.0016079	synaptic_vesicle_exocytosis	28	10
sgG1_2	GO.0016082	synaptic_vesicle_priming	28	6
sgG1_2	GO.0031629	synaptic_vesicle_fusion_to_presynaptic_a...	28	5
sgG1_2	GO.0050804	modulation_of_chemical_synaptic_transmis...	28	9
sgG1_2	GO.0098877	neurotransmitter_receptor_transport_to_p...	28	3
sgG1_2	GO.0099003	vesicle-mediated_transport_in_synapse	28	10
sgG1_2	GO.0099072	regulation_of_postsynaptic_membrane_neur...	28	3
sgG1_2	GO.0099504	synaptic_vesicle_cycle	28	10
sgG1_2	GO.0099531	presynaptic_process_involved_in_chemical...	28	10
sgG1_2	GO.0099536	synaptic_signaling	28	15
sgG1_2	GO.0099537	trans-synaptic_signaling	28	15
sgG1_2	GO.0099637	neurotransmitter_receptor_transport	28	3
sgG1_2	GO.0099643	signal_release_from_synapse	28	10
sgG1_2	GO.0007212	dopamine_receptor_signaling_pathway	32	4
sgG1_2	GO.0007223	Wnt_signaling_pathway,_calcium_modulatin...	32	2
sgG1_2	GO.0019933	cAMP-mediated_signaling	32	3
sgG1_2	GO.0046058	cAMP_metabolic_process	32	2
sgG1_2	GO.0010737	protein_kinase_A_signaling	35	1
sgG1_2	GO.0002224	toll-like_receptor_signaling_pathway	36	1
sgG1_2	GO.0002757	immune_response-activating_signal_transd...	36	2
sgG1_2	GO.0050852	T_cell_receptor_signaling_pathway	36	2
sgG1_2	GO.0007268	chemical_synaptic_transmission	37	6
sgG1_2	GO.0043491	protein_kinase_B_signaling	37	2
sgG1_2	GO.0099536	synaptic_signaling	37	6
sgG1_2	GO.0099537	trans-synaptic_signaling	37	6
sgG1_2	GO.0000165	MAPK_cascade	38	7
sgG1_2	GO.0050807	regulation_of_synapse_organization	38	2
sgG1_2	GO.0007212	dopamine_receptor_signaling_pathway	39	2
sgG1_2	GO.0007268	chemical_synaptic_transmission	39	7
sgG1_2	GO.0010611	regulation_of_cardiac_muscle_hypertrophy	39	3
sgG1_2	GO.0019722	calcium-mediated_signaling	39	5
sgG1_2	GO.0031929	TOR_signaling	39	3
sgG1_2	GO.0042552	myelination	39	3
sgG1_2	GO.0046058	cAMP_metabolic_process	39	2
sgG1_2	GO.0050808	synapse_organization	39	3
sgG1_2	GO.0055074	calcium_ion_homeostasis	39	5
sgG1_2	GO.0086065	cell_communication_involved_in_cardiac_c...	39	2
sgG1_2	GO.0099536	synaptic_signaling	39	7
sgG1_2	GO.0099537	trans-synaptic_signaling	39	7
sgG1_2	GO.0099565	chemical_synaptic_transmission,_postsyna...	39	3
sgG1_2	GO.0035235	ionotropic_glutamate_receptor_signaling_...	40	1
sgG1_2	GO.0051591	response_to_cAMP	40	1
sgG1_2	GO.0099601	regulation_of_neurotransmitter_receptor_...	40	1
sgG1_2	GO.0000165	MAPK_cascade	42	3
sgG1_2	GO.0043491	protein_kinase_B_signaling	42	2
sgG1_2	GO.0050853	B_cell_receptor_signaling_pathway	42	1
sgG1_2	GO.0007268	chemical_synaptic_transmission	44	2
sgG1_2	GO.0060078	regulation_of_postsynaptic_membrane_pote...	44	1
sgG1_2	GO.0099536	synaptic_signaling	44	2
sgG1_2	GO.0099537	trans-synaptic_signaling	44	2
sgG1_2	GO.0099565	chemical_synaptic_transmission,_postsyna...	44	1
sgG1_2	GO.0007268	chemical_synaptic_transmission	45	11
sgG1_2	GO.0019722	calcium-mediated_signaling	45	4
sgG1_2	GO.0035235	ionotropic_glutamate_receptor_signaling_...	45	3
sgG1_2	GO.0050804	modulation_of_chemical_synaptic_transmis...	45	5
sgG1_2	GO.0050808	synapse_organization	45	3
sgG1_2	GO.0055074	calcium_ion_homeostasis	45	5
sgG1_2	GO.0060078	regulation_of_postsynaptic_membrane_pote...	45	4
sgG1_2	GO.0099536	synaptic_signaling	45	11
sgG1_2	GO.0099537	trans-synaptic_signaling	45	11
sgG1_2	GO.0099565	chemical_synaptic_transmission,_postsyna...	45	4
sgG1_2	GO.0002431	Fc_receptor_mediated_stimulatory_signali...	48	5
sgG1_2	GO.0002757	immune_response-activating_signal_transd...	48	5
sgG1_2	GO.0007268	chemical_synaptic_transmission	48	8
sgG1_2	GO.0007411	axon_guidance	48	5
sgG1_2	GO.0007416	synapse_assembly	48	3
sgG1_2	GO.0050804	modulation_of_chemical_synaptic_transmis...	48	5
sgG1_2	GO.0099536	synaptic_signaling	48	8
sgG1_2	GO.0099537	trans-synaptic_signaling	48	8
sgG1_2	GO.0099601	regulation_of_neurotransmitter_receptor_...	48	2
sgG1_2	GO.0002431	Fc_receptor_mediated_stimulatory_signali...	49	2
Geodesicdiff	GO.0000165	MAPK_cascade	2	18
Geodesicdiff	GO.0007268	chemical_synaptic_transmission	2	21
Geodesicdiff	GO.0007411	axon_guidance	2	13
Geodesicdiff	GO.0099536	synaptic_signaling	2	21
Geodesicdiff	GO.0099537	trans-synaptic_signaling	2	21
Geodesicdiff	GO.0000165	MAPK_cascade	3	7
Geodesicdiff	GO.0002218	activation_of_innate_immune_response	3	7
Geodesicdiff	GO.0002757	immune_response-activating_signal_transd...	3	7
Geodesicdiff	GO.0002758	innate_immune_response-activating_signal...	3	7
Geodesicdiff	GO.0050852	T_cell_receptor_signaling_pathway	3	7
Geodesicdiff	GO.0099504	synaptic_vesicle_cycle	6	3
Geodesicdiff	GO.0002431	Fc_receptor_mediated_stimulatory_signali...	7	2
Geodesicdiff	GO.0046058	cAMP_metabolic_process	7	2
Geodesicdiff	GO.0000165	MAPK_cascade	8	27
Geodesicdiff	GO.0007268	chemical_synaptic_transmission	8	27
Geodesicdiff	GO.0050804	modulation_of_chemical_synaptic_transmis...	8	19
Geodesicdiff	GO.0055074	calcium_ion_homeostasis	8	14
Geodesicdiff	GO.0099536	synaptic_signaling	8	27
Geodesicdiff	GO.0099537	trans-synaptic_signaling	8	27
Geodesicdiff	GO.0042552	myelination	9	2
Geodesicdiff	GO.0098693	regulation_of_synaptic_vesicle_cycle	11	2
Geodesicdiff	GO.2000300	regulation_of_synaptic_vesicle_exocytosi...	11	2
Geodesicdiff	GO.0001504	neurotransmitter_uptake	13	2
Geodesicdiff	GO.0007268	chemical_synaptic_transmission	13	13
Geodesicdiff	GO.0007269	neurotransmitter_secretion	13	10
Geodesicdiff	GO.0016079	synaptic_vesicle_exocytosis	13	10
Geodesicdiff	GO.0016082	synaptic_vesicle_priming	13	6
Geodesicdiff	GO.0031629	synaptic_vesicle_fusion_to_presynaptic_a...	13	5
Geodesicdiff	GO.0048791	calcium_ion-regulated_exocytosis_of_neur...	13	2
Geodesicdiff	GO.0050804	modulation_of_chemical_synaptic_transmis...	13	8
Geodesicdiff	GO.0098877	neurotransmitter_receptor_transport_to_p...	13	3
Geodesicdiff	GO.0099003	vesicle-mediated_transport_in_synapse	13	10
Geodesicdiff	GO.0099072	regulation_of_postsynaptic_membrane_neur...	13	3
Geodesicdiff	GO.0099504	synaptic_vesicle_cycle	13	10
Geodesicdiff	GO.0099531	presynaptic_process_involved_in_chemical...	13	10
Geodesicdiff	GO.0099536	synaptic_signaling	13	13
Geodesicdiff	GO.0099537	trans-synaptic_signaling	13	13
Geodesicdiff	GO.0099637	neurotransmitter_receptor_transport	13	3
Geodesicdiff	GO.0099643	signal_release_from_synapse	13	10
Geodesicdiff	GO.2000300	regulation_of_synaptic_vesicle_exocytosi...	13	2
Geodesicdiff	GO.0048488	synaptic_vesicle_endocytosis	17	3
Geodesicdiff	GO.0099003	vesicle-mediated_transport_in_synapse	17	3
Geodesicdiff	GO.0099504	synaptic_vesicle_cycle	17	3
Geodesicdiff	GO.0055074	calcium_ion_homeostasis	21	4
Geodesicdiff	GO.0007268	chemical_synaptic_transmission	22	5
Geodesicdiff	GO.0007416	synapse_assembly	22	2
Geodesicdiff	GO.0050804	modulation_of_chemical_synaptic_transmis...	22	4
Geodesicdiff	GO.0051403	stress-activated_MAPK_cascade	22	3
Geodesicdiff	GO.0055074	calcium_ion_homeostasis	22	3
Geodesicdiff	GO.0099536	synaptic_signaling	22	5
Geodesicdiff	GO.0099537	trans-synaptic_signaling	22	5
Geodesicdiff	GO.0000165	MAPK_cascade	23	5
Geodesicdiff	GO.0019933	cAMP-mediated_signaling	23	2
Geodesicdiff	GO.0051403	stress-activated_MAPK_cascade	23	3
Geodesicdiff	GO.0051591	response_to_cAMP	23	2
Geodesicdiff	GO.0042552	myelination	24	2
Geodesicdiff	GO.0070528	protein_kinase_C_signaling	24	1
Geodesicdiff	GO.0000165	MAPK_cascade	27	4
Geodesicdiff	GO.0007212	dopamine_receptor_signaling_pathway	27	2
Geodesicdiff	GO.0019933	cAMP-mediated_signaling	27	2
Geodesicdiff	GO.0051403	stress-activated_MAPK_cascade	27	3
Geodesicdiff	GO.0050852	T_cell_receptor_signaling_pathway	28	3
Geodesicdiff	GO.0051403	stress-activated_MAPK_cascade	28	3
Geodesicdiff	GO.0000165	MAPK_cascade	29	5
Geodesicdiff	GO.0007268	chemical_synaptic_transmission	29	6
Geodesicdiff	GO.0043491	protein_kinase_B_signaling	29	3
Geodesicdiff	GO.0050804	modulation_of_chemical_synaptic_transmis...	29	4
Geodesicdiff	GO.0099536	synaptic_signaling	29	6
Geodesicdiff	GO.0099537	trans-synaptic_signaling	29	6
Geodesicdiff	GO.0002218	activation_of_innate_immune_response	31	4
Geodesicdiff	GO.0002224	toll-like_receptor_signaling_pathway	31	3
Geodesicdiff	GO.0002757	immune_response-activating_signal_transd...	31	5
Geodesicdiff	GO.0002758	innate_immune_response-activating_signal...	31	4
Geodesicdiff	GO.0007269	neurotransmitter_secretion	33	3
Geodesicdiff	GO.0016079	synaptic_vesicle_exocytosis	33	3
Geodesicdiff	GO.0042552	myelination	33	2
Geodesicdiff	GO.0048488	synaptic_vesicle_endocytosis	33	2
Geodesicdiff	GO.0055074	calcium_ion_homeostasis	33	3
Geodesicdiff	GO.0098693	regulation_of_synaptic_vesicle_cycle	33	2
Geodesicdiff	GO.0099003	vesicle-mediated_transport_in_synapse	33	3
Geodesicdiff	GO.0099504	synaptic_vesicle_cycle	33	3
Geodesicdiff	GO.0099531	presynaptic_process_involved_in_chemical...	33	3
Geodesicdiff	GO.0099643	signal_release_from_synapse	33	3
Geodesicdiff	GO.2000300	regulation_of_synaptic_vesicle_exocytosi...	33	2
Geodesicdiff	GO.0070528	protein_kinase_C_signaling	35	1
Geodesicdiff	GO.0051591	response_to_cAMP	37	1
Geodesicdiff	GO.0050853	B_cell_receptor_signaling_pathway	41	1
Geodesicdiff	GO.0000165	MAPK_cascade	43	11
Geodesicdiff	GO.0002218	activation_of_innate_immune_response	43	8
Geodesicdiff	GO.0002757	immune_response-activating_signal_transd...	43	9
Geodesicdiff	GO.0002758	innate_immune_response-activating_signal...	43	8
Geodesicdiff	GO.0007212	dopamine_receptor_signaling_pathway	43	4
Geodesicdiff	GO.0007223	Wnt_signaling_pathway,_calcium_modulatin...	43	2
Geodesicdiff	GO.0019933	cAMP-mediated_signaling	43	3
Geodesicdiff	GO.0050852	T_cell_receptor_signaling_pathway	43	8
Geodesicdiff	GO.0009755	hormone-mediated_signaling_pathway	46	2
Geodesicdiff	GO.0010737	protein_kinase_A_signaling	54	2
Geodesicdiff	GO.0060563	neuroepithelial_cell_differentiation	54	1
Geodesicdiff	GO.0007269	neurotransmitter_secretion	61	2
Geodesicdiff	GO.0016079	synaptic_vesicle_exocytosis	61	2
Geodesicdiff	GO.0031629	synaptic_vesicle_fusion_to_presynaptic_a...	61	1
Geodesicdiff	GO.0048791	calcium_ion-regulated_exocytosis_of_neur...	61	1
Geodesicdiff	GO.0099003	vesicle-mediated_transport_in_synapse	61	2
Geodesicdiff	GO.0099504	synaptic_vesicle_cycle	61	2
Geodesicdiff	GO.0099531	presynaptic_process_involved_in_chemical...	61	2
Geodesicdiff	GO.0099643	signal_release_from_synapse	61	2
Geodesicdiff	GO.0007212	dopamine_receptor_signaling_pathway	65	1
Geodesicdiff	GO.0007416	synapse_assembly	65	1
Geodesicdiff	GO.0042417	dopamine_metabolic_process	65	1
Geodesicdiff	GO.0051963	regulation_of_synapse_assembly	65	1
Geodesicdiff	GO.0098877	neurotransmitter_receptor_transport_to_p...	65	1
Geodesicdiff	GO.0099054	presynapse_assembly	65	1
Geodesicdiff	GO.0099637	neurotransmitter_receptor_transport	65	1
Geodesicdiff	GO.0002431	Fc_receptor_mediated_stimulatory_signali...	67	2
Geodesicdiff	GO.0002757	immune_response-activating_signal_transd...	67	2
Spectral	GO.0007268	chemical_synaptic_transmission	4	2
Spectral	GO.0007269	neurotransmitter_secretion	4	2
Spectral	GO.0099531	presynaptic_process_involved_in_chemical...	4	2
Spectral	GO.0099536	synaptic_signaling	4	2
Spectral	GO.0099537	trans-synaptic_signaling	4	2
Spectral	GO.0099643	signal_release_from_synapse	4	2
Spectral	GO.0007212	dopamine_receptor_signaling_pathway	7	2
Spectral	GO.0050808	synapse_organization	7	3
Spectral	GO.0000165	MAPK_cascade	9	3
Spectral	GO.0007268	chemical_synaptic_transmission	9	5
Spectral	GO.0019722	calcium-mediated_signaling	9	2
Spectral	GO.0035235	ionotropic_glutamate_receptor_signaling_...	9	2
Spectral	GO.0042417	dopamine_metabolic_process	9	1
Spectral	GO.0055074	calcium_ion_homeostasis	9	2
Spectral	GO.0060078	regulation_of_postsynaptic_membrane_pote...	9	2
Spectral	GO.0099536	synaptic_signaling	9	5
Spectral	GO.0099537	trans-synaptic_signaling	9	5
Spectral	GO.0099565	chemical_synaptic_transmission,_postsyna...	9	2
Spectral	GO.0002431	Fc_receptor_mediated_stimulatory_signali...	10	7
Spectral	GO.0002757	immune_response-activating_signal_transd...	10	10
Spectral	GO.0007268	chemical_synaptic_transmission	10	17
Spectral	GO.0099536	synaptic_signaling	10	17
Spectral	GO.0099537	trans-synaptic_signaling	10	17
Spectral	GO.0042417	dopamine_metabolic_process	20	1
Spectral	GO.0051963	regulation_of_synapse_assembly	20	1
Spectral	GO.0098877	neurotransmitter_receptor_transport_to_p...	20	1
Spectral	GO.0099054	presynapse_assembly	20	1
Spectral	GO.0099637	neurotransmitter_receptor_transport	20	1
Spectral	GO.0016079	synaptic_vesicle_exocytosis	27	1
Spectral	GO.0048488	synaptic_vesicle_endocytosis	27	1
Spectral	GO.0048791	calcium_ion-regulated_exocytosis_of_neur...	27	1
Spectral	GO.0042552	myelination	34	1
Spectral	GO.0043491	protein_kinase_B_signaling	34	1
Spectral	GO.0098693	regulation_of_synaptic_vesicle_cycle	35	1
Spectral	GO.2000300	regulation_of_synaptic_vesicle_exocytosi...	35	1
Spectral	GO.0046058	cAMP_metabolic_process	41	1
Spectral	GO.0000165	MAPK_cascade	48	7
Spectral	GO.0007411	axon_guidance	48	6
Spectral	GO.0086065	cell_communication_involved_in_cardiac_c...	64	1
Spectral	GO.0046058	cAMP_metabolic_process	71	1
Spectral	GO.0051591	response_to_cAMP	71	1
Spectral	GO.0048488	synaptic_vesicle_endocytosis	74	2
Spectral	GO.0099054	presynapse_assembly	75	1
Spectral	GO.0098693	regulation_of_synaptic_vesicle_cycle	76	1
Spectral	GO.2000300	regulation_of_synaptic_vesicle_exocytosi...	76	1
Spectral	GO.0099504	synaptic_vesicle_cycle	88	2
Spectral	GO.0007268	chemical_synaptic_transmission	101	9
Spectral	GO.0007269	neurotransmitter_secretion	101	7
Spectral	GO.0016079	synaptic_vesicle_exocytosis	101	7
Spectral	GO.0016082	synaptic_vesicle_priming	101	4
Spectral	GO.0031629	synaptic_vesicle_fusion_to_presynaptic_a...	101	4
Spectral	GO.0050804	modulation_of_chemical_synaptic_transmis...	101	6
Spectral	GO.0098693	regulation_of_synaptic_vesicle_cycle	101	2
Spectral	GO.0098877	neurotransmitter_receptor_transport_to_p...	101	2
Spectral	GO.0099003	vesicle-mediated_transport_in_synapse	101	7
Spectral	GO.0099072	regulation_of_postsynaptic_membrane_neur...	101	2
Spectral	GO.0099504	synaptic_vesicle_cycle	101	7
Spectral	GO.0099531	presynaptic_process_involved_in_chemical...	101	7
Spectral	GO.0099536	synaptic_signaling	101	9
Spectral	GO.0099537	trans-synaptic_signaling	101	9
Spectral	GO.0099637	neurotransmitter_receptor_transport	101	2
Spectral	GO.0099643	signal_release_from_synapse	101	7
Spectral	GO.2000300	regulation_of_synaptic_vesicle_exocytosi...	101	2
Spectral	GO.0009755	hormone-mediated_signaling_pathway	108	1
Spectral	GO.0000165	MAPK_cascade	118	6
Spectral	GO.0002218	activation_of_innate_immune_response	118	6
Spectral	GO.0002757	immune_response-activating_signal_transd...	118	6
Spectral	GO.0002758	innate_immune_response-activating_signal...	118	6
Spectral	GO.0050852	T_cell_receptor_signaling_pathway	118	6
Spectral	GO.0019933	cAMP-mediated_signaling	119	1
Spectral	GO.0002218	activation_of_innate_immune_response	122	3
Spectral	GO.0046058	cAMP_metabolic_process	123	1
Spectral	GO.0002757	immune_response-activating_signal_transd...	127	3
Spectral	GO.0008088	axo-dendritic_transport	131	1
Spectral	GO.0008089	anterograde_axonal_transport	131	1
Spectral	GO.0098930	axonal_transport	131	1
Spectral	GO.0046058	cAMP_metabolic_process	132	1
Spectral	GO.0008088	axo-dendritic_transport	160	3
Spectral	GO.0008089	anterograde_axonal_transport	160	3
Spectral	GO.0098930	axonal_transport	160	3
Spectral	GO.0009755	hormone-mediated_signaling_pathway	175	2
Spectral	GO.0086065	cell_communication_involved_in_cardiac_c...	188	1
Spectral	GO.0042552	myelination	201	3
Spectral	GO.0070528	protein_kinase_C_signaling	201	2
Spectral	GO.0010737	protein_kinase_A_signaling	202	2
Spectral	GO.0060563	neuroepithelial_cell_differentiation	202	1
Spectral	GO.0007268	chemical_synaptic_transmission	209	8
Spectral	GO.0007269	neurotransmitter_secretion	209	3
Spectral	GO.0050804	modulation_of_chemical_synaptic_transmis...	209	7
Spectral	GO.0098693	regulation_of_synaptic_vesicle_cycle	209	2
Spectral	GO.0099531	presynaptic_process_involved_in_chemical...	209	3
Spectral	GO.0099536	synaptic_signaling	209	8
Spectral	GO.0099537	trans-synaptic_signaling	209	8
Spectral	GO.0099643	signal_release_from_synapse	209	3
Spectral	GO.0002431	Fc_receptor_mediated_stimulatory_signali...	216	1
Spectral	GO.0019933	cAMP-mediated_signaling	224	2
Spectral	GO.0050804	modulation_of_chemical_synaptic_transmis...	224	2
Spectral	GO.0051591	response_to_cAMP	224	2
Spectral	GO.2000300	regulation_of_synaptic_vesicle_exocytosi...	224	1
Spectral	GO.0043491	protein_kinase_B_signaling	234	2
Spectral	GO.0007268	chemical_synaptic_transmission	239	2
Spectral	GO.0007269	neurotransmitter_secretion	239	2
Spectral	GO.0016079	synaptic_vesicle_exocytosis	239	2
Spectral	GO.0031629	synaptic_vesicle_fusion_to_presynaptic_a...	239	1
Spectral	GO.0048791	calcium_ion-regulated_exocytosis_of_neur...	239	1
Spectral	GO.0098693	regulation_of_synaptic_vesicle_cycle	239	1
Spectral	GO.0099003	vesicle-mediated_transport_in_synapse	239	2
Spectral	GO.0099504	synaptic_vesicle_cycle	239	2
Spectral	GO.0099531	presynaptic_process_involved_in_chemical...	239	2
Spectral	GO.0099536	synaptic_signaling	239	2
Spectral	GO.0099537	trans-synaptic_signaling	239	2
Spectral	GO.0099643	signal_release_from_synapse	239	2
Spectral	GO.2000300	regulation_of_synaptic_vesicle_exocytosi...	239	1
Spectral	GO.0002431	Fc_receptor_mediated_stimulatory_signali...	243	1
Spectral	GO.0050853	B_cell_receptor_signaling_pathway	246	2
Spectral	GO.0001504	neurotransmitter_uptake	247	1
Spectral	GO.0016082	synaptic_vesicle_priming	247	1
Spectral	GO.0031629	synaptic_vesicle_fusion_to_presynaptic_a...	247	1
Spectral	GO.0098877	neurotransmitter_receptor_transport_to_p...	247	1
Spectral	GO.0099072	regulation_of_postsynaptic_membrane_neur...	247	1
Spectral	GO.0099637	neurotransmitter_receptor_transport	247	1
Spectral	GO.0019722	calcium-mediated_signaling	251	2
Spectral	GO.0007212	dopamine_receptor_signaling_pathway	252	1
Spectral	GO.0010611	regulation_of_cardiac_muscle_hypertrophy	258	1
Spectral	GO.0019722	calcium-mediated_signaling	258	1
Spectral	GO.0000165	MAPK_cascade	263	45
Spectral_1.5	GO.0002431	Fc_receptor_mediated_stimulatory_signali...	4	8
Spectral_1.5	GO.0002757	immune_response-activating_signal_transd...	4	9
Spectral_1.5	GO.0007268	chemical_synaptic_transmission	4	17
Spectral_1.5	GO.0007411	axon_guidance	4	6
Spectral_1.5	GO.0019722	calcium-mediated_signaling	4	5
Spectral_1.5	GO.0060078	regulation_of_postsynaptic_membrane_pote...	4	6
Spectral_1.5	GO.0099536	synaptic_signaling	4	17
Spectral_1.5	GO.0099537	trans-synaptic_signaling	4	17
Spectral_1.5	GO.0099565	chemical_synaptic_transmission,_postsyna...	4	6
Spectral_1.5	GO.0048488	synaptic_vesicle_endocytosis	5	2
Spectral_1.5	GO.0099003	vesicle-mediated_transport_in_synapse	5	3
Spectral_1.5	GO.0002224	toll-like_receptor_signaling_pathway	6	2
Spectral_1.5	GO.0050808	synapse_organization	6	3
Spectral_1.5	GO.0070528	protein_kinase_C_signaling	6	1
Spectral_1.5	GO.0000165	MAPK_cascade	7	6
Spectral_1.5	GO.0007411	axon_guidance	7	5
Spectral_1.5	GO.0002224	toll-like_receptor_signaling_pathway	10	2
Spectral_1.5	GO.0000165	MAPK_cascade	13	7
Spectral_1.5	GO.0002218	activation_of_innate_immune_response	13	6
Spectral_1.5	GO.0002757	immune_response-activating_signal_transd...	13	6
Spectral_1.5	GO.0002758	innate_immune_response-activating_signal...	13	6
Spectral_1.5	GO.0050852	T_cell_receptor_signaling_pathway	13	6
Spectral_1.5	GO.0007269	neurotransmitter_secretion	14	5
Spectral_1.5	GO.0009755	hormone-mediated_signaling_pathway	14	2
Spectral_1.5	GO.0016079	synaptic_vesicle_exocytosis	14	5
Spectral_1.5	GO.0016082	synaptic_vesicle_priming	14	3
Spectral_1.5	GO.0031629	synaptic_vesicle_fusion_to_presynaptic_a...	14	3
Spectral_1.5	GO.0098693	regulation_of_synaptic_vesicle_cycle	14	2
Spectral_1.5	GO.0098877	neurotransmitter_receptor_transport_to_p...	14	2
Spectral_1.5	GO.0099003	vesicle-mediated_transport_in_synapse	14	5
Spectral_1.5	GO.0099072	regulation_of_postsynaptic_membrane_neur...	14	2
Spectral_1.5	GO.0099504	synaptic_vesicle_cycle	14	5
Spectral_1.5	GO.0099531	presynaptic_process_involved_in_chemical...	14	5
Spectral_1.5	GO.0099637	neurotransmitter_receptor_transport	14	2
Spectral_1.5	GO.0099643	signal_release_from_synapse	14	5
Spectral_1.5	GO.2000300	regulation_of_synaptic_vesicle_exocytosi...	14	2
Spectral_1.5	GO.0048488	synaptic_vesicle_endocytosis	15	2
Spectral_1.5	GO.0086065	cell_communication_involved_in_cardiac_c...	19	2
Spectral_1.5	GO.0008088	axo-dendritic_transport	22	3
Spectral_1.5	GO.0008089	anterograde_axonal_transport	22	3
Spectral_1.5	GO.0098930	axonal_transport	22	3
Spectral_1.5	GO.0009755	hormone-mediated_signaling_pathway	23	2
Spectral_1.5	GO.0010737	protein_kinase_A_signaling	25	3
Spectral_1.5	GO.0042552	myelination	25	3
Spectral_1.5	GO.0070528	protein_kinase_C_signaling	25	2
Spectral_1.5	GO.0007268	chemical_synaptic_transmission	26	8
Spectral_1.5	GO.0050804	modulation_of_chemical_synaptic_transmis...	26	7
Spectral_1.5	GO.0099536	synaptic_signaling	26	8
Spectral_1.5	GO.0099537	trans-synaptic_signaling	26	8
Spectral_1.5	GO.0043491	protein_kinase_B_signaling	27	3
Spectral_1.5	GO.0002431	Fc_receptor_mediated_stimulatory_signali...	28	3
Spectral_1.5	GO.0019933	cAMP-mediated_signaling	28	2
Spectral_1.5	GO.0051591	response_to_cAMP	28	2
Spectral_1.5	GO.0007268	chemical_synaptic_transmission	29	5
Spectral_1.5	GO.0007416	synapse_assembly	29	2
Spectral_1.5	GO.0050807	regulation_of_synapse_organization	29	2
Spectral_1.5	GO.0051963	regulation_of_synapse_assembly	29	2
Spectral_1.5	GO.0099536	synaptic_signaling	29	5
Spectral_1.5	GO.0099537	trans-synaptic_signaling	29	5
Spectral_1.5	GO.0046058	cAMP_metabolic_process	30	2
Spectral_1.5	GO.0055074	calcium_ion_homeostasis	30	5
Spectral_1.5	GO.0000165	MAPK_cascade	32	8
Spectral_1.5	GO.0007411	axon_guidance	32	3
Spectral_1.5	GO.0051403	stress-activated_MAPK_cascade	32	4
Spectral_1.5	GO.0055074	calcium_ion_homeostasis	32	3
Spectral_1.5	GO.0002218	activation_of_innate_immune_response	33	5
Spectral_1.5	GO.0002758	innate_immune_response-activating_signal...	33	5
Spectral_1.5	GO.0050852	T_cell_receptor_signaling_pathway	33	5
Spectral_1.5	GO.0007269	neurotransmitter_secretion	34	3
Spectral_1.5	GO.0009755	hormone-mediated_signaling_pathway	34	2
Spectral_1.5	GO.0016079	synaptic_vesicle_exocytosis	34	3
Spectral_1.5	GO.0048488	synaptic_vesicle_endocytosis	34	2
Spectral_1.5	GO.0098693	regulation_of_synaptic_vesicle_cycle	34	2
Spectral_1.5	GO.0099003	vesicle-mediated_transport_in_synapse	34	4
Spectral_1.5	GO.0099504	synaptic_vesicle_cycle	34	3
Spectral_1.5	GO.0099531	presynaptic_process_involved_in_chemical...	34	3
Spectral_1.5	GO.0099643	signal_release_from_synapse	34	3
Spectral_1.5	GO.2000300	regulation_of_synaptic_vesicle_exocytosi...	34	2
Spectral_1.5	GO.0002218	activation_of_innate_immune_response	35	5
Spectral_1.5	GO.0002757	immune_response-activating_signal_transd...	35	6
Spectral_1.5	GO.0002758	innate_immune_response-activating_signal...	35	5
Spectral_1.5	GO.0050852	T_cell_receptor_signaling_pathway	35	5
Spectral_1.5	GO.0000165	MAPK_cascade	37	8
Spectral_1.5	GO.0007212	dopamine_receptor_signaling_pathway	37	2
Spectral_1.5	GO.0007268	chemical_synaptic_transmission	37	7
Spectral_1.5	GO.0050804	modulation_of_chemical_synaptic_transmis...	37	5
Spectral_1.5	GO.0051403	stress-activated_MAPK_cascade	37	6
Spectral_1.5	GO.0086065	cell_communication_involved_in_cardiac_c...	37	2
Spectral_1.5	GO.0099536	synaptic_signaling	37	7
Spectral_1.5	GO.0099537	trans-synaptic_signaling	37	7
Spectral_1.5	GO.0000165	MAPK_cascade	38	12
Spectral_1.5	GO.0007212	dopamine_receptor_signaling_pathway	38	6
Spectral_1.5	GO.0007223	Wnt_signaling_pathway,_calcium_modulatin...	38	3
Spectral_1.5	GO.0007268	chemical_synaptic_transmission	38	10
Spectral_1.5	GO.0010611	regulation_of_cardiac_muscle_hypertrophy	38	4
Spectral_1.5	GO.0019722	calcium-mediated_signaling	38	5
Spectral_1.5	GO.0019933	cAMP-mediated_signaling	38	3
Spectral_1.5	GO.0031929	TOR_signaling	38	4
Spectral_1.5	GO.0035235	ionotropic_glutamate_receptor_signaling_...	38	2
Spectral_1.5	GO.0046058	cAMP_metabolic_process	38	4
Spectral_1.5	GO.0050804	modulation_of_chemical_synaptic_transmis...	38	8
Spectral_1.5	GO.0050808	synapse_organization	38	4
Spectral_1.5	GO.0055074	calcium_ion_homeostasis	38	8
Spectral_1.5	GO.0060078	regulation_of_postsynaptic_membrane_pote...	38	3
Spectral_1.5	GO.0086065	cell_communication_involved_in_cardiac_c...	38	2
Spectral_1.5	GO.0099536	synaptic_signaling	38	10
Spectral_1.5	GO.0099537	trans-synaptic_signaling	38	10
Spectral_1.5	GO.0099565	chemical_synaptic_transmission,_postsyna...	38	4
Spectral_1.25	GO.0002431	Fc_receptor_mediated_stimulatory_signali...	4	8
Spectral_1.25	GO.0002757	immune_response-activating_signal_transd...	4	9
Spectral_1.25	GO.0007268	chemical_synaptic_transmission	4	17
Spectral_1.25	GO.0007411	axon_guidance	4	6
Spectral_1.25	GO.0019722	calcium-mediated_signaling	4	5
Spectral_1.25	GO.0060078	regulation_of_postsynaptic_membrane_pote...	4	6
Spectral_1.25	GO.0099536	synaptic_signaling	4	17
Spectral_1.25	GO.0099537	trans-synaptic_signaling	4	17
Spectral_1.25	GO.0099565	chemical_synaptic_transmission,_postsyna...	4	6
Spectral_1.25	GO.0048488	synaptic_vesicle_endocytosis	5	2
Spectral_1.25	GO.0099003	vesicle-mediated_transport_in_synapse	5	3
Spectral_1.25	GO.0002224	toll-like_receptor_signaling_pathway	6	2
Spectral_1.25	GO.0050808	synapse_organization	6	3
Spectral_1.25	GO.0070528	protein_kinase_C_signaling	6	1
Spectral_1.25	GO.0000165	MAPK_cascade	7	6
Spectral_1.25	GO.0007411	axon_guidance	7	5
Spectral_1.25	GO.0002224	toll-like_receptor_signaling_pathway	11	2
Spectral_1.25	GO.0000165	MAPK_cascade	14	7
Spectral_1.25	GO.0002218	activation_of_innate_immune_response	14	6
Spectral_1.25	GO.0002757	immune_response-activating_signal_transd...	14	6
Spectral_1.25	GO.0002758	innate_immune_response-activating_signal...	14	6
Spectral_1.25	GO.0050852	T_cell_receptor_signaling_pathway	14	6
Spectral_1.25	GO.0007269	neurotransmitter_secretion	15	5
Spectral_1.25	GO.0009755	hormone-mediated_signaling_pathway	15	2
Spectral_1.25	GO.0016079	synaptic_vesicle_exocytosis	15	5
Spectral_1.25	GO.0016082	synaptic_vesicle_priming	15	3
Spectral_1.25	GO.0031629	synaptic_vesicle_fusion_to_presynaptic_a...	15	3
Spectral_1.25	GO.0098693	regulation_of_synaptic_vesicle_cycle	15	2
Spectral_1.25	GO.0098877	neurotransmitter_receptor_transport_to_p...	15	2
Spectral_1.25	GO.0099003	vesicle-mediated_transport_in_synapse	15	5
Spectral_1.25	GO.0099072	regulation_of_postsynaptic_membrane_neur...	15	2
Spectral_1.25	GO.0099504	synaptic_vesicle_cycle	15	5
Spectral_1.25	GO.0099531	presynaptic_process_involved_in_chemical...	15	5
Spectral_1.25	GO.0099637	neurotransmitter_receptor_transport	15	2
Spectral_1.25	GO.0099643	signal_release_from_synapse	15	5
Spectral_1.25	GO.2000300	regulation_of_synaptic_vesicle_exocytosi...	15	2
Spectral_1.25	GO.0048488	synaptic_vesicle_endocytosis	16	2
Spectral_1.25	GO.0048488	synaptic_vesicle_endocytosis	20	2
Spectral_1.25	GO.0086065	cell_communication_involved_in_cardiac_c...	22	2
Spectral_1.25	GO.0008088	axo-dendritic_transport	24	3
Spectral_1.25	GO.0008089	anterograde_axonal_transport	24	3
Spectral_1.25	GO.0098930	axonal_transport	24	3
Spectral_1.25	GO.0009755	hormone-mediated_signaling_pathway	25	2
Spectral_1.25	GO.0010737	protein_kinase_A_signaling	27	3
Spectral_1.25	GO.0042552	myelination	27	3
Spectral_1.25	GO.0070528	protein_kinase_C_signaling	27	2
Spectral_1.25	GO.0007268	chemical_synaptic_transmission	28	8
Spectral_1.25	GO.0050804	modulation_of_chemical_synaptic_transmis...	28	7
Spectral_1.25	GO.0099536	synaptic_signaling	28	8
Spectral_1.25	GO.0099537	trans-synaptic_signaling	28	8
Spectral_1.25	GO.0043491	protein_kinase_B_signaling	29	3
Spectral_1.25	GO.0002431	Fc_receptor_mediated_stimulatory_signali...	30	3
Spectral_1.25	GO.0019933	cAMP-mediated_signaling	30	2
Spectral_1.25	GO.0051591	response_to_cAMP	30	2
Spectral_1.25	GO.0007268	chemical_synaptic_transmission	31	5
Spectral_1.25	GO.0007416	synapse_assembly	31	2
Spectral_1.25	GO.0050807	regulation_of_synapse_organization	31	2
Spectral_1.25	GO.0051963	regulation_of_synapse_assembly	31	2
Spectral_1.25	GO.0099536	synaptic_signaling	31	5
Spectral_1.25	GO.0099537	trans-synaptic_signaling	31	5
Spectral_1.25	GO.0046058	cAMP_metabolic_process	32	2
Spectral_1.25	GO.0055074	calcium_ion_homeostasis	32	5
Spectral_1.25	GO.0000165	MAPK_cascade	34	8
Spectral_1.25	GO.0007411	axon_guidance	34	3
Spectral_1.25	GO.0051403	stress-activated_MAPK_cascade	34	4
Spectral_1.25	GO.0055074	calcium_ion_homeostasis	34	3
Spectral_1.25	GO.0007269	neurotransmitter_secretion	35	3
Spectral_1.25	GO.0009755	hormone-mediated_signaling_pathway	35	2
Spectral_1.25	GO.0016079	synaptic_vesicle_exocytosis	35	3
Spectral_1.25	GO.0048488	synaptic_vesicle_endocytosis	35	2
Spectral_1.25	GO.0098693	regulation_of_synaptic_vesicle_cycle	35	2
Spectral_1.25	GO.0099003	vesicle-mediated_transport_in_synapse	35	4
Spectral_1.25	GO.0099504	synaptic_vesicle_cycle	35	3
Spectral_1.25	GO.0099531	presynaptic_process_involved_in_chemical...	35	3
Spectral_1.25	GO.0099643	signal_release_from_synapse	35	3
Spectral_1.25	GO.2000300	regulation_of_synaptic_vesicle_exocytosi...	35	2
Spectral_1.25	GO.0002218	activation_of_innate_immune_response	36	5
Spectral_1.25	GO.0002757	immune_response-activating_signal_transd...	36	6
Spectral_1.25	GO.0002758	innate_immune_response-activating_signal...	36	5
Spectral_1.25	GO.0050852	T_cell_receptor_signaling_pathway	36	5
Spectral_1.25	GO.0002218	activation_of_innate_immune_response	38	4
Spectral_1.25	GO.0002757	immune_response-activating_signal_transd...	38	4
Spectral_1.25	GO.0002758	innate_immune_response-activating_signal...	38	4
Spectral_1.25	GO.0050852	T_cell_receptor_signaling_pathway	38	4
Spectral_1.25	GO.0000165	MAPK_cascade	39	12
Spectral_1.25	GO.0002431	Fc_receptor_mediated_stimulatory_signali...	39	4
Spectral_1.25	GO.0051403	stress-activated_MAPK_cascade	39	7
Spectral_1.25	GO.0007212	dopamine_receptor_signaling_pathway	40	6
Spectral_1.25	GO.0007223	Wnt_signaling_pathway,_calcium_modulatin...	40	2
Spectral_1.25	GO.0007268	chemical_synaptic_transmission	40	8
Spectral_1.25	GO.0010611	regulation_of_cardiac_muscle_hypertrophy	40	4
Spectral_1.25	GO.0019722	calcium-mediated_signaling	40	3
Spectral_1.25	GO.0019933	cAMP-mediated_signaling	40	3
Spectral_1.25	GO.0031929	TOR_signaling	40	3
Spectral_1.25	GO.0046058	cAMP_metabolic_process	40	4
Spectral_1.25	GO.0050804	modulation_of_chemical_synaptic_transmis...	40	6
Spectral_1.25	GO.0055074	calcium_ion_homeostasis	40	6
Spectral_1.25	GO.0086065	cell_communication_involved_in_cardiac_c...	40	2
Spectral_1.25	GO.0099536	synaptic_signaling	40	8
Spectral_1.25	GO.0099537	trans-synaptic_signaling	40	8
Spectral_1.25	GO.0099565	chemical_synaptic_transmission,_postsyna...	40	3
Spectral_1.25	GO.0000165	MAPK_cascade	41	9
Spectral_1.25	GO.0007268	chemical_synaptic_transmission	41	6
Spectral_1.25	GO.0019722	calcium-mediated_signaling	41	4
Spectral_1.25	GO.0035235	ionotropic_glutamate_receptor_signaling_...	41	2
Spectral_1.25	GO.0050804	modulation_of_chemical_synaptic_transmis...	41	5
Spectral_1.25	GO.0050807	regulation_of_synapse_organization	41	2
Spectral_1.25	GO.0086065	cell_communication_involved_in_cardiac_c...	41	2
Spectral_1.25	GO.0099536	synaptic_signaling	41	6
Spectral_1.25	GO.0099537	trans-synaptic_signaling	41	6
Spectral_1	GO.0002431	Fc_receptor_mediated_stimulatory_signali...	4	8
Spectral_1	GO.0002757	immune_response-activating_signal_transd...	4	9
Spectral_1	GO.0007268	chemical_synaptic_transmission	4	17
Spectral_1	GO.0007411	axon_guidance	4	6
Spectral_1	GO.0019722	calcium-mediated_signaling	4	5
Spectral_1	GO.0060078	regulation_of_postsynaptic_membrane_pote...	4	6
Spectral_1	GO.0099536	synaptic_signaling	4	17
Spectral_1	GO.0099537	trans-synaptic_signaling	4	17
Spectral_1	GO.0099565	chemical_synaptic_transmission,_postsyna...	4	6
Spectral_1	GO.0048488	synaptic_vesicle_endocytosis	5	2
Spectral_1	GO.0099003	vesicle-mediated_transport_in_synapse	5	3
Spectral_1	GO.0002224	toll-like_receptor_signaling_pathway	6	2
Spectral_1	GO.0050808	synapse_organization	6	3
Spectral_1	GO.0070528	protein_kinase_C_signaling	6	1
Spectral_1	GO.0000165	MAPK_cascade	7	6
Spectral_1	GO.0007411	axon_guidance	7	5
Spectral_1	GO.0002224	toll-like_receptor_signaling_pathway	11	2
Spectral_1	GO.0000165	MAPK_cascade	15	5
Spectral_1	GO.0002218	activation_of_innate_immune_response	15	5
Spectral_1	GO.0002757	immune_response-activating_signal_transd...	15	5
Spectral_1	GO.0002758	innate_immune_response-activating_signal...	15	5
Spectral_1	GO.0050852	T_cell_receptor_signaling_pathway	15	5
Spectral_1	GO.0007268	chemical_synaptic_transmission	16	5
Spectral_1	GO.0007269	neurotransmitter_secretion	16	5
Spectral_1	GO.0016079	synaptic_vesicle_exocytosis	16	5
Spectral_1	GO.0016082	synaptic_vesicle_priming	16	3
Spectral_1	GO.0031629	synaptic_vesicle_fusion_to_presynaptic_a...	16	3
Spectral_1	GO.0048791	calcium_ion-regulated_exocytosis_of_neur...	16	1
Spectral_1	GO.0050804	modulation_of_chemical_synaptic_transmis...	16	3
Spectral_1	GO.0060078	regulation_of_postsynaptic_membrane_pote...	16	2
Spectral_1	GO.0098693	regulation_of_synaptic_vesicle_cycle	16	2
Spectral_1	GO.0099003	vesicle-mediated_transport_in_synapse	16	5
Spectral_1	GO.0099504	synaptic_vesicle_cycle	16	5
Spectral_1	GO.0099531	presynaptic_process_involved_in_chemical...	16	5
Spectral_1	GO.0099536	synaptic_signaling	16	5
Spectral_1	GO.0099537	trans-synaptic_signaling	16	5
Spectral_1	GO.0099565	chemical_synaptic_transmission,_postsyna...	16	2
Spectral_1	GO.0099643	signal_release_from_synapse	16	5
Spectral_1	GO.2000300	regulation_of_synaptic_vesicle_exocytosi...	16	2
Spectral_1	GO.0009755	hormone-mediated_signaling_pathway	17	2
Spectral_1	GO.0048488	synaptic_vesicle_endocytosis	18	2
Spectral_1	GO.0016079	synaptic_vesicle_exocytosis	20	2
Spectral_1	GO.0099504	synaptic_vesicle_cycle	20	3
Spectral_1	GO.0099054	presynapse_assembly	21	1
Spectral_1	GO.0048488	synaptic_vesicle_endocytosis	24	2
Spectral_1	GO.0007411	axon_guidance	26	4
Spectral_1	GO.0008088	axo-dendritic_transport	29	3
Spectral_1	GO.0008089	anterograde_axonal_transport	29	3
Spectral_1	GO.0098930	axonal_transport	29	3
Spectral_1	GO.0009755	hormone-mediated_signaling_pathway	32	2
Spectral_1	GO.0010737	protein_kinase_A_signaling	36	3
Spectral_1	GO.0042552	myelination	36	3
Spectral_1	GO.0070528	protein_kinase_C_signaling	36	2
Spectral_1	GO.0007268	chemical_synaptic_transmission	37	8
Spectral_1	GO.0050804	modulation_of_chemical_synaptic_transmis...	37	7
Spectral_1	GO.0099536	synaptic_signaling	37	8
Spectral_1	GO.0099537	trans-synaptic_signaling	37	8
Spectral_1	GO.0043491	protein_kinase_B_signaling	38	3
Spectral_1	GO.0002431	Fc_receptor_mediated_stimulatory_signali...	39	3
Spectral_1	GO.0019933	cAMP-mediated_signaling	39	2
Spectral_1	GO.0051591	response_to_cAMP	39	2
Spectral_1	GO.0007268	chemical_synaptic_transmission	40	5
Spectral_1	GO.0007416	synapse_assembly	40	2
Spectral_1	GO.0050807	regulation_of_synapse_organization	40	2
Spectral_1	GO.0051963	regulation_of_synapse_assembly	40	2
Spectral_1	GO.0099536	synaptic_signaling	40	5
Spectral_1	GO.0099537	trans-synaptic_signaling	40	5
Spectral_1	GO.0046058	cAMP_metabolic_process	41	2
Spectral_1	GO.0055074	calcium_ion_homeostasis	41	5
Spectral_1	GO.0000165	MAPK_cascade	43	8
Spectral_1	GO.0007411	axon_guidance	43	3
Spectral_1	GO.0051403	stress-activated_MAPK_cascade	43	4
Spectral_1	GO.0055074	calcium_ion_homeostasis	43	3
Spectral_1	GO.0007269	neurotransmitter_secretion	44	3
Spectral_1	GO.0009755	hormone-mediated_signaling_pathway	44	2
Spectral_1	GO.0016079	synaptic_vesicle_exocytosis	44	3
Spectral_1	GO.0048488	synaptic_vesicle_endocytosis	44	2
Spectral_1	GO.0098693	regulation_of_synaptic_vesicle_cycle	44	2
Spectral_1	GO.0099003	vesicle-mediated_transport_in_synapse	44	4
Spectral_1	GO.0099504	synaptic_vesicle_cycle	44	3
Spectral_1	GO.0099531	presynaptic_process_involved_in_chemical...	44	3
Spectral_1	GO.0099643	signal_release_from_synapse	44	3
Spectral_1	GO.2000300	regulation_of_synaptic_vesicle_exocytosi...	44	2
Spectral_1	GO.0002218	activation_of_innate_immune_response	45	5
Spectral_1	GO.0002757	immune_response-activating_signal_transd...	45	6
Spectral_1	GO.0002758	innate_immune_response-activating_signal...	45	5
Spectral_1	GO.0050852	T_cell_receptor_signaling_pathway	45	5
Spectral_1	GO.0002218	activation_of_innate_immune_response	47	4
Spectral_1	GO.0002757	immune_response-activating_signal_transd...	47	4
Spectral_1	GO.0002758	innate_immune_response-activating_signal...	47	4
Spectral_1	GO.0050852	T_cell_receptor_signaling_pathway	47	4
Spectral_1	GO.0000165	MAPK_cascade	48	12
Spectral_1	GO.0002431	Fc_receptor_mediated_stimulatory_signali...	48	4
Spectral_1	GO.0051403	stress-activated_MAPK_cascade	48	7
Spectral_1	GO.0007212	dopamine_receptor_signaling_pathway	49	6
Spectral_1	GO.0007223	Wnt_signaling_pathway,_calcium_modulatin...	49	2
Spectral_1	GO.0007268	chemical_synaptic_transmission	49	8
Spectral_1	GO.0010611	regulation_of_cardiac_muscle_hypertrophy	49	4
Spectral_1	GO.0019722	calcium-mediated_signaling	49	3
Spectral_1	GO.0019933	cAMP-mediated_signaling	49	3
Spectral_1	GO.0031929	TOR_signaling	49	3
Spectral_1	GO.0046058	cAMP_metabolic_process	49	4
Spectral_1	GO.0050804	modulation_of_chemical_synaptic_transmis...	49	6
Spectral_1	GO.0055074	calcium_ion_homeostasis	49	6
Spectral_1	GO.0086065	cell_communication_involved_in_cardiac_c...	49	2
Spectral_1	GO.0099536	synaptic_signaling	49	8
Spectral_1	GO.0099537	trans-synaptic_signaling	49	8
Spectral_1	GO.0099565	chemical_synaptic_transmission,_postsyna...	49	3
Spectral_1	GO.0000165	MAPK_cascade	50	9
Spectral_1	GO.0007268	chemical_synaptic_transmission	50	6
Spectral_1	GO.0019722	calcium-mediated_signaling	50	4
Spectral_1	GO.0035235	ionotropic_glutamate_receptor_signaling_...	50	2
Spectral_1	GO.0050804	modulation_of_chemical_synaptic_transmis...	50	5
Spectral_1	GO.0050807	regulation_of_synapse_organization	50	2
Spectral_1	GO.0086065	cell_communication_involved_in_cardiac_c...	50	2
Spectral_1	GO.0099536	synaptic_signaling	50	6
Spectral_1	GO.0099537	trans-synaptic_signaling	50	6
